Binder Name,Binder Type,Name,Set code,Set name,Collector number,Foil,Rarity,Quantity,ManaBox ID,Scryfall ID,Purchase price,Misprint,Altered,Condition,Language,Purchase price currency,Added
Rares,binder,"Mikey & Leo, Chaos & Order",TMT,Teenage Mutant Ninja Turtles,200,normal,rare,1,111495,919d670a-7555-4981-afba-b7c0706458d8,59.32,false,false,near_mint,en,SEK,2026-06-30T20:45:15.792Z
Rares,binder,"Mutagen Man, Living Ooze",TMT,Teenage Mutant Ninja Turtles,124,normal,rare,1,110941,9f9085f0-3702-462c-8c81-b4576236792d,15.91,false,false,near_mint,en,SEK,2026-06-30T20:45:15.788Z
Rares,binder,"Mikey & Don, Party Planners",TMT,Teenage Mutant Ninja Turtles,157,normal,rare,1,110923,6353df1a-9a1b-41fd-985b-8c8acba36c23,4.6,false,false,near_mint,en,SEK,2026-06-30T20:45:15.782Z
Rares,binder,Groundchuck & Dirtbag,TMT,Teenage Mutant Ninja Turtles,115,normal,rare,1,110905,1563592e-0f21-4488-a3ec-ca766386e423,4.6,false,false,near_mint,en,SEK,2026-06-30T20:45:15.769Z
Rares,binder,Turtle Power!,TMT,Teenage Mutant Ninja Turtles,135,normal,rare,1,110916,4079ca90-dcc3-4184-9dfc-a626e0776332,2.78,false,false,near_mint,en,SEK,2026-06-30T20:45:15.767Z
Rares,binder,Turtles Forever,TMT,Teenage Mutant Ninja Turtles,27,normal,rare,1,109306,f0db974a-3289-4727-9aaf-e9cca9113c87,3.35,false,false,near_mint,en,SEK,2026-06-30T20:45:15.765Z
Rares,binder,Mary Jane Watson,SPM,Marvel's Spider-Man,134,normal,rare,1,108491,178345f7-8ccd-4e47-80f4-5bd31bab6655,2.59,false,false,near_mint,en,SEK,2026-06-30T20:46:24.864Z
Rares,binder,Allied Teamwork,TLE,Avatar: The Last Airbender Eternal,213,normal,rare,1,108240,8a347283-eb16-4339-945e-316a5ce9e2c5,7.57,false,false,near_mint,en,SEK,2026-06-30T21:07:42.749Z
Rares,binder,"Bumi, Eclectic Earthbender",TLE,Avatar: The Last Airbender Eternal,248,normal,rare,1,108304,f324a384-7380-4f6e-bbba-fac1f2a01b5d,94.49,false,false,near_mint,en,SEK,2026-06-30T21:07:42.738Z
Rares,binder,Seismic Tutelage,TLE,Avatar: The Last Airbender Eternal,254,normal,rare,1,108234,7e6939a5-0890-4c2f-b517-7d16f6490e76,9.3,false,false,near_mint,en,SEK,2026-06-30T21:07:42.728Z
Rares,binder,Fire Nation Sentinels,TLE,Avatar: The Last Airbender Eternal,230,normal,rare,1,108202,4a08c7c4-d20f-4c5b-a308-b8c84c9030a9,4.41,false,false,near_mint,en,SEK,2026-06-30T21:07:42.711Z
Rares,binder,Lion Vulture,TLE,Avatar: The Last Airbender Eternal,232,normal,rare,1,108262,ae735220-413d-4309-8e31-38ff27ead5ee,2.78,false,false,near_mint,en,SEK,2026-06-30T21:07:42.681Z
Rares,binder,Water Whip,TLE,Avatar: The Last Airbender Eternal,227,normal,rare,1,108309,f8783863-699b-4362-a211-7db7ab8f36ad,6.04,false,false,near_mint,en,SEK,2026-06-30T21:14:04.221Z
Rares,binder,Fire Nation Archers,TLE,Avatar: The Last Airbender Eternal,237,normal,rare,1,108295,e83ee667-7726-42e9-9483-6cfc6f9ce638,3.64,false,false,near_mint,en,SEK,2026-06-30T21:14:04.207Z
Rares,binder,"Zuko, Avatar Hunter",TLE,Avatar: The Last Airbender Eternal,287,normal,rare,1,108244,90b5d4f1-273b-4293-8bc4-fcb29331e9da,6.71,false,false,near_mint,en,SEK,2026-06-30T21:14:04.194Z
Rares,binder,"Aang, Air Nomad",TLE,Avatar: The Last Airbender Eternal,265,normal,rare,1,108280,cdd47fc3-6ea7-4516-ad66-b73f545f8221,3.26,false,false,near_mint,en,SEK,2026-06-30T21:14:04.176Z
Rares,binder,"Giada, Font of Hope",FDN,Foundations,141,normal,rare,1,100804,8ae6fc26-cfad-4da8-98d9-49c27c24d293,5.99,false,false,near_mint,en,SEK,2026-07-04T13:01:34.100Z
Rares,binder,"Lathril, Blade of the Elves",FDN,Foundations,349,normal,rare,1,100583,61f766b8-a92e-4353-b457-ac62fc470713,67.41,false,false,near_mint,en,SEK,2026-07-04T13:02:08.562Z
Rares,binder,Rakdos Joins Up,OTJ,Outlaws of Thunder Junction,225,normal,rare,1,93340,c7154dca-7e10-4c34-aa56-9f200c6277d1,4.25,false,false,near_mint,en,SEK,2026-07-04T13:15:53.971Z
Rares,binder,Outcaster Trailblazer,OTJ,Outlaws of Thunder Junction,173,normal,rare,1,93113,33b9cd6c-d75c-4905-aa38-ff03a9c4b398,9.56,false,false,near_mint,en,SEK,2026-07-04T13:15:53.949Z
Rares,binder,"Vadmir, New Blood",OTJ,Outlaws of Thunder Junction,113,normal,rare,1,93239,828b5855-af5a-46a6-8fd4-0a2e28f3bb01,2.51,false,false,near_mint,en,SEK,2026-07-04T14:18:27.273Z
Rares,binder,"Marchesa, Dealer of Death",OTJ,Outlaws of Thunder Junction,220,normal,rare,1,93412,ee29b59c-d57c-4a03-bae7-e9dfa57d6bb1,2.12,false,false,near_mint,en,SEK,2026-07-04T14:23:25.566Z
Rares,binder,Caustic Bronco,OTJ,Outlaws of Thunder Junction,82,normal,rare,1,93402,e9a268ba-c442-4fe4-90b4-2810c8474f4e,3.86,false,false,near_mint,en,SEK,2026-07-04T14:23:25.565Z
Rares,binder,Primal Command,OTP,Breaking News,31,normal,rare,1,93139,4416de3b-ba68-44a9-843b-26743813c661,2.7,false,false,near_mint,en,SEK,2026-07-04T14:23:25.560Z
Rares,binder,"Roxanne, Starfall Savant",OTJ,Outlaws of Thunder Junction,228,foil,rare,1,93051,11fbe52f-febd-49fc-8391-28d3efe9c3eb,5.12,false,false,near_mint,en,SEK,2026-07-04T14:23:25.558Z
Rares,binder,Curator of Destinies,FDN,Foundations,34,normal,rare,1,100908,9ff79da7-c3f7-4541-87a0-503544c699b5,1.55,false,false,near_mint,en,SEK,2026-07-04T14:29:24.079Z
Rares,binder,Valley Rotcaller,BLB,Bloomburrow,119,normal,rare,1,95781,4da80a9a-b1d5-4fc5-92f7-36946195d0c7,21.92,false,false,near_mint,en,SEK,2026-07-05T22:16:12.782Z
Rares,binder,"Camellia, the Seedmiser",BLB,Bloomburrow,207,normal,rare,1,95759,2c16eaec-924c-42f6-9fea-07edd7ed93b9,17.96,false,false,near_mint,en,SEK,2026-07-05T22:16:12.782Z
Rares,binder,Scavenger's Talent,BLB,Bloomburrow,111,normal,rare,1,96084,9a52b7fe-87ae-425b-85fd-b24e6e0395f1,5.79,false,false,near_mint,en,SEK,2026-07-05T22:16:12.782Z
Rares,binder,Valley Mightcaller,BLB,Bloomburrow,326,normal,rare,1,96016,31330554-1824-436b-aee5-931a7b652ddf,14.76,false,false,near_mint,en,SEK,2026-07-18T12:42:52.719Z
Rares,binder,Keen-Eyed Curator,BLB,Bloomburrow,181,normal,rare,1,96080,8cf33d80-0704-4dc4-8e8d-1dcbcbc35add,17.36,false,false,near_mint,en,SEK,2026-07-19T13:04:02.796Z
Rares,binder,Ignoble Hierarch,ECC,Lorwyn Eclipsed Commander,52,normal,rare,1,110647,e802cfe1-45e0-47cd-8745-363ccc0f2af8,15.13,false,false,near_mint,en,SEK,2026-07-23T10:03:28.241Z
Rares,binder,Persist,ECC,Lorwyn Eclipsed Commander,83,normal,rare,1,110603,b7a56356-91bf-42f5-ab21-af2c48e78fc3,11.15,false,false,near_mint,en,SEK,2026-07-23T10:03:28.241Z
Rares,binder,Assassin's Trophy,ECC,Lorwyn Eclipsed Commander,119,normal,rare,1,110510,5e530961-1cb5-4208-ac49-f0963bac0134,6.88,false,false,near_mint,en,SEK,2026-07-23T10:03:28.241Z
Rares,binder,Necroskitter,ECC,Lorwyn Eclipsed Commander,48,normal,rare,1,110446,1743ff46-7bfe-46f7-a2cf-170dd92bf28f,6.3,false,false,near_mint,en,SEK,2026-07-23T10:03:28.241Z
Rares,binder,Grave Venerations,ECC,Lorwyn Eclipsed Commander,9,normal,rare,1,110649,ec52f819-038a-41c3-91ef-91b1975d094c,6.11,false,false,near_mint,en,SEK,2026-07-23T10:03:28.241Z
Rares,binder,Vernal Fen,ECC,Lorwyn Eclipsed Commander,63,normal,rare,1,110548,82253d45-587b-48a9-b6dc-e372f9adb2a6,4.85,false,false,near_mint,en,SEK,2026-07-23T10:03:28.241Z
Rares,binder,Dragonskull Summit,ECC,Lorwyn Eclipsed Commander,147,normal,rare,1,110569,92964d76-3a01-4ab6-abf9-66b754708f90,4.56,false,false,near_mint,en,SEK,2026-07-23T10:03:28.241Z
Rares,binder,Glissa Sunslayer,ECC,Lorwyn Eclipsed Commander,122,normal,rare,1,110519,682b1b62-338a-49d1-9d4e-2d8ee2e6fc76,4.27,false,false,near_mint,en,SEK,2026-07-23T10:03:28.241Z
Rares,binder,Woodland Cemetery,ECC,Lorwyn Eclipsed Commander,176,normal,rare,1,110436,0c20aa48-58a0-4dee-970f-ba1292affa28,4.27,false,false,near_mint,en,SEK,2026-07-23T10:03:28.241Z
Rares,binder,Sinister Gnarlbark,ECC,Lorwyn Eclipsed Commander,12,normal,rare,1,110571,939a4eaa-4d9b-47d1-94a4-fb1e9a95e539,4.17,false,false,near_mint,en,SEK,2026-07-23T10:03:28.241Z
Rares,binder,Archfiend of Ifnir,ECC,Lorwyn Eclipsed Commander,70,normal,rare,1,110549,83057af6-cb88-4401-92ef-5b5d10463140,3.68,false,false,near_mint,en,SEK,2026-07-23T10:03:28.241Z
Rares,binder,"Hapatra, Vizier of Poisons",ECC,Lorwyn Eclipsed Commander,123,normal,rare,1,110628,d19e17fc-ae3e-4533-ab94-70d5f2e1b8cd,3.49,false,false,near_mint,en,SEK,2026-07-23T10:03:28.241Z
Rares,binder,Village Pillagers,ECC,Lorwyn Eclipsed Commander,14,normal,rare,1,110580,a1e34ec4-6a85-4e22-9be9-f27dda5752d6,3.49,false,false,near_mint,en,SEK,2026-07-23T10:03:28.241Z
Rares,binder,Black Sun's Zenith,ECC,Lorwyn Eclipsed Commander,71,normal,rare,1,110651,eda98f51-a918-4ef7-a123-7d4200c79620,3.39,false,false,near_mint,en,SEK,2026-07-23T10:03:28.241Z
Rares,binder,Cinder Glade,ECC,Lorwyn Eclipsed Commander,146,normal,rare,1,110469,306a7feb-f254-4ef1-a813-709601e87905,3.39,false,false,near_mint,en,SEK,2026-07-23T10:03:28.241Z
Rares,binder,Painful Truths,ECC,Lorwyn Eclipsed Commander,82,normal,rare,1,110664,faa82f09-0693-4cc6-8770-8c6a35aa627b,3.3,false,false,near_mint,en,SEK,2026-07-23T10:03:28.241Z
Rares,binder,Rootbound Crag,ECC,Lorwyn Eclipsed Commander,163,normal,rare,1,110607,bc0f449a-01e2-4c22-8eb0-17ad1efb62e4,3.3,false,false,near_mint,en,SEK,2026-07-23T10:03:28.241Z
Rares,binder,"Ferrafor, Young Yew",ECC,Lorwyn Eclipsed Commander,16,normal,rare,1,110631,d6313ef4-c1a0-4315-8db9-a3666e49daa8,3.1,false,false,near_mint,en,SEK,2026-07-23T10:03:28.241Z
Rares,binder,Midnight Banshee,ECC,Lorwyn Eclipsed Commander,80,normal,rare,1,110656,f0a38737-22e6-469f-94d8-12b9a62f4495,3.1,false,false,near_mint,en,SEK,2026-07-23T10:03:28.241Z
Rares,binder,Nesting Grounds,ECC,Lorwyn Eclipsed Commander,155,normal,rare,1,110616,c25ad164-4076-496d-833c-d607391b1ac8,3.01,false,false,near_mint,en,SEK,2026-07-23T10:03:28.241Z
Rares,binder,Grim Poppet,ECC,Lorwyn Eclipsed Commander,142,normal,rare,1,110541,7b23f412-c5eb-48f1-ad84-ae42171944c8,2.91,false,false,near_mint,en,SEK,2026-07-23T10:03:28.241Z
Rares,binder,Sheltered Thicket,ECC,Lorwyn Eclipsed Commander,167,normal,rare,1,110593,ad7f87dd-1c43-4b6f-9d68-cc09ef76dbc2,2.91,false,false,near_mint,en,SEK,2026-07-23T10:03:28.241Z
Rares,binder,Carnifex Demon,ECC,Lorwyn Eclipsed Commander,72,normal,rare,1,110544,7eec26a5-1d2b-43ff-b340-bc72f4a71ae8,2.81,false,false,near_mint,en,SEK,2026-07-23T10:03:28.241Z
Rares,binder,Chain Reaction,ECC,Lorwyn Eclipsed Commander,92,normal,rare,1,110601,b6c0d5df-1195-49c1-9b8f-befed9faa401,2.81,false,false,near_mint,en,SEK,2026-07-23T10:03:28.241Z
Rares,binder,Everlasting Torment,ECC,Lorwyn Eclipsed Commander,121,normal,rare,1,110581,a1e79115-bb2d-4455-b6dc-aaf2d0e26c60,2.81,false,false,near_mint,en,SEK,2026-07-23T10:03:28.241Z
Rares,binder,Exotic Orchard,ECC,Lorwyn Eclipsed Commander,148,normal,rare,1,110638,dc0a1bc1-ba94-4494-a196-5363fde85194,2.81,false,false,near_mint,en,SEK,2026-07-23T10:03:28.241Z
Rares,binder,Smoldering Marsh,ECC,Lorwyn Eclipsed Commander,168,normal,rare,1,110633,d6890462-aeb0-4356-93dc-b2eda0df0c0e,2.81,false,false,near_mint,en,SEK,2026-07-23T10:03:28.241Z
Rares,binder,Aberrant Return,ECC,Lorwyn Eclipsed Commander,7,normal,rare,1,110582,a27a3d4b-caa7-4c5e-b1f3-aa607d3b157d,2.72,false,false,near_mint,en,SEK,2026-07-23T10:03:28.241Z
Rares,binder,Dread Tiller,ECC,Lorwyn Eclipsed Commander,20,normal,rare,1,110509,5e2692eb-5a01-4b62-9d4d-263a553975ab,2.72,false,false,near_mint,en,SEK,2026-07-23T10:03:28.241Z
Rares,binder,Oft-Nabbed Goat,ECC,Lorwyn Eclipsed Commander,11,normal,rare,1,110486,4030bfab-867c-4724-904e-3e8b631f075e,2.72,false,false,near_mint,en,SEK,2026-07-23T10:03:28.241Z
Rares,binder,Festering Thicket,ECC,Lorwyn Eclipsed Commander,61,normal,rare,1,110557,89891685-d4cf-4aaf-8179-210ed135f171,2.62,false,false,near_mint,en,SEK,2026-07-23T10:03:28.241Z
Rares,binder,Puca's Covenant,ECC,Lorwyn Eclipsed Commander,18,normal,rare,1,110448,1966dbd2-963a-4d37-ab26-c0a0715f523f,2.62,false,false,near_mint,en,SEK,2026-07-23T10:03:28.241Z
Rares,binder,Dusk Urchins,ECC,Lorwyn Eclipsed Commander,73,normal,rare,1,110666,fce69f5c-c4c4-4c8b-aa29-8cc8a84587d1,2.52,false,false,near_mint,en,SEK,2026-07-23T10:03:28.241Z
Rares,binder,Canyon Slough,ECC,Lorwyn Eclipsed Commander,145,normal,rare,1,110629,d2ba7cfa-36f2-410f-80c3-5a06f4b48372,2.33,false,false,near_mint,en,SEK,2026-07-23T10:03:28.241Z
Rares,binder,Eventide's Shadow,ECC,Lorwyn Eclipsed Commander,8,normal,rare,1,110575,9c5d71a6-8e68-4aee-b781-486276d17fce,2.23,false,false,near_mint,en,SEK,2026-07-23T10:03:28.241Z
Rares,binder,Channeler Initiate,ECC,Lorwyn Eclipsed Commander,101,normal,rare,1,110564,9011936a-ec69-4c1b-ae8e-c2d212047ca4,1.94,false,false,near_mint,en,SEK,2026-07-23T10:03:28.241Z
Rares,binder,Wickersmith's Tools,ECC,Lorwyn Eclipsed Commander,21,normal,rare,1,110476,3758af07-68ed-42da-8a13-ec321e7cd06e,1.94,false,false,near_mint,en,SEK,2026-07-23T10:03:28.241Z
Rares,binder,Basilisk Collar,FDN,Foundations,669,normal,rare,1,100712,7b36fba7-71f7-4b7f-bde5-b3a9752ad21c,41.21,false,false,near_mint,en,SEK,2026-07-23T14:38:36.049Z
Rares,binder,Wishclaw Talisman,FDN,Foundations,617,normal,rare,1,100627,69d0f5bd-ccea-49b2-bd79-ad5e4d850cf5,16.19,false,false,near_mint,en,SEK,2026-07-23T14:38:36.049Z
Rares,binder,Felidar Retreat,FDN,Foundations,574,normal,rare,1,100801,89e3cc09-5057-4c05-88fc-d6cda809fc74,9.5,false,false,near_mint,en,SEK,2026-07-23T14:38:36.049Z
Rares,binder,Taurean Mauler,FDN,Foundations,633,normal,rare,1,101391,fca7caa5-d920-4f06-90bd-214aa4e85cb3,5.82,false,false,near_mint,en,SEK,2026-07-23T14:38:36.049Z
Rares,binder,Gilded Lotus,FDN,Foundations,725,foil,rare,1,100962,aa5e88f1-0ddf-45d7-bbd0-baa88d121867,5.04,false,false,near_mint,en,SEK,2026-07-23T14:38:36.049Z
Rares,binder,Gigantosaurus,FDN,Foundations,718,foil,rare,1,101065,bc1c518a-dcb4-407c-85be-ed5935a24198,4.46,false,false,near_mint,en,SEK,2026-07-23T14:38:36.049Z
Rares,binder,Adaptive Automaton,FDN,Foundations,723,foil,rare,1,101259,e35e614c-51a9-4d5c-b7fa-1a0a87108785,4.07,false,false,near_mint,en,SEK,2026-07-23T14:38:36.049Z
Rares,binder,Gratuitous Violence,FDN,Foundations,715,foil,rare,1,101287,e89024c5-eef5-468c-92b4-e53dd212909c,4.07,false,false,near_mint,en,SEK,2026-07-23T14:38:36.049Z
Rares,binder,Regal Caracal,FDN,Foundations,579,normal,rare,1,101032,b6310a82-73db-40cb-ae64-6f07f869024c,4.07,false,false,near_mint,en,SEK,2026-07-23T14:38:36.049Z
Rares,binder,Dictate of Kruphix,FDN,Foundations,587,normal,rare,1,101028,b5e4087b-e692-4eb2-bb59-ff2a001d6dd4,3.88,false,false,near_mint,en,SEK,2026-07-23T14:38:36.049Z
Rares,binder,Charming Prince,FDN,Foundations,568,normal,rare,1,100964,aa7b47e1-7e32-4f2f-aecf-bac7ca197081,3.49,false,false,near_mint,en,SEK,2026-07-23T14:38:36.049Z
Rares,binder,Consuming Aberration,FDN,Foundations,238,normal,rare,1,101066,bc2b28fd-66b0-457c-80ea-7caed2cc7926,3.39,false,false,near_mint,en,SEK,2026-07-23T14:38:36.049Z
Rares,binder,"Lathliss, Dragon Queen",FDN,Foundations,627,normal,rare,1,100410,409acb8f-cf03-4a56-a8c0-e4c97a01ee10,3.39,false,false,near_mint,en,SEK,2026-07-23T14:38:36.049Z
Rares,binder,"Halana and Alena, Partners",FDN,Foundations,659,normal,rare,1,101034,b649f459-c9dc-495d-8703-b685996bb80c,3.01,false,false,near_mint,en,SEK,2026-07-23T14:38:36.049Z
Rares,binder,Rite of Replication,FDN,Foundations,711,foil,rare,1,101406,fe98958d-30ee-4a47-aacc-064e02d109b3,2.81,false,false,near_mint,en,SEK,2026-07-23T14:38:36.049Z
Rares,binder,River's Rebuke,FDN,Foundations,595,normal,rare,1,100334,32ae984e-5d1e-4497-9a71-7406f78c09f3,2.62,false,false,near_mint,en,SEK,2026-07-23T14:38:36.049Z
Rares,binder,Rampaging Baloths,FDN,Foundations,645,normal,rare,1,101091,c25ee47b-d099-4788-9c2b-73d151bf56fb,2.33,false,false,near_mint,en,SEK,2026-07-23T14:38:36.049Z
Rares,binder,"Zetalpa, Primal Dawn",FDN,Foundations,584,normal,rare,1,100623,694df80e-77d1-4455-b6f1-58d212267d76,2.33,false,false,near_mint,en,SEK,2026-07-23T14:38:36.049Z
Rares,binder,"Ayli, Eternal Pilgrim",FDN,Foundations,652,normal,rare,1,100121,06969031-2c13-4b5a-bb4e-86eed025e614,2.23,false,false,near_mint,en,SEK,2026-07-23T14:38:36.049Z
Rares,binder,Ball Lightning,FDN,Foundations,618,normal,rare,1,100569,5f27dbf0-6818-40ea-832d-10686b4c2900,2.23,false,false,near_mint,en,SEK,2026-07-23T14:38:36.049Z
Rares,binder,"Ovika, Enigma Goliath",FDN,Foundations,663,normal,rare,1,100521,54819d7a-eec6-49e6-a0bb-d9d07d42b4a6,2.23,false,false,near_mint,en,SEK,2026-07-23T14:38:36.049Z
Rares,binder,Temple of Deceit,FDN,Foundations,697,normal,rare,1,101244,e18748ce-e52e-4cd1-89d4-cd2578a0d574,2.23,false,false,near_mint,en,SEK,2026-07-23T14:38:36.049Z
Rares,binder,Drogskol Reaver,FDN,Foundations,655,normal,rare,1,101086,c0a4450c-8dfd-4d05-adb9-e84ec6066c7d,2.13,false,false,near_mint,en,SEK,2026-07-23T14:38:36.049Z
Rares,binder,Fumigate,FDN,Foundations,575,normal,rare,1,101256,e2c1e655-1883-428f-abe8-69c011cfbd4b,2.13,false,false,near_mint,en,SEK,2026-07-23T14:38:36.049Z
Rares,binder,Temple of Malice,FDN,Foundations,701,normal,rare,1,101199,d78eccc4-1500-43f1-94f5-b39c160b6381,2.13,false,false,near_mint,en,SEK,2026-07-23T14:38:36.049Z
Rares,binder,Nullpriest of Oblivion,FDN,Foundations,611,normal,rare,1,101010,b2c7613c-38fc-49c3-93ee-1df93136455a,2.04,false,false,near_mint,en,SEK,2026-07-23T14:38:36.049Z
Rares,binder,Harmless Offering,FDN,Foundations,625,normal,rare,1,100440,47082081-bf52-4914-bac2-ace398beff56,1.94,false,false,near_mint,en,SEK,2026-07-23T14:38:36.049Z
Rares,binder,Predator Ooze,FDN,Foundations,642,normal,rare,1,100338,333b3cca-ebbf-4ceb-a6a5-3d49cb2e143a,1.94,false,false,near_mint,en,SEK,2026-07-23T14:38:36.049Z
Rares,binder,Temple of Malady,FDN,Foundations,700,normal,rare,1,100167,10e7d0d5-2329-42a6-b6ff-a5197ba5f1d0,1.94,false,false,near_mint,en,SEK,2026-07-23T14:38:36.049Z
Rares,binder,Arcanis the Omnipotent,FDN,Foundations,585,normal,rare,1,100941,a6fee90a-7cb3-4fad-91a7-1b1edbde0133,1.84,false,false,near_mint,en,SEK,2026-07-23T14:38:36.049Z
Rares,binder,Maelstrom Pulse,FDN,Foundations,661,normal,rare,1,100085,019e8d47-a086-4e9f-8130-8c3b2dc50179,1.84,false,false,near_mint,en,SEK,2026-07-23T14:38:36.049Z
Rares,binder,Midnight Reaper,FDN,Foundations,609,normal,rare,1,101336,f229b0e6-1ffd-410e-b04b-a0afc179c58c,1.84,false,false,near_mint,en,SEK,2026-07-23T14:38:36.049Z
Rares,binder,Steel Hellkite,FDN,Foundations,681,normal,rare,1,100838,931ad21b-a6bb-4a89-8d6f-80adfcf126c7,1.84,false,false,near_mint,en,SEK,2026-07-23T14:38:36.049Z
Rares,binder,Temple of Silence,FDN,Foundations,704,normal,rare,1,100409,408ad759-052a-4949-9adf-7541cb2ef77e,1.84,false,false,near_mint,en,SEK,2026-07-23T14:38:36.049Z
Rares,binder,Desecration Demon,FDN,Foundations,603,normal,rare,1,100509,52bf6460-0df6-4dd3-8af8-df728683bcaa,1.75,false,false,near_mint,en,SEK,2026-07-23T14:38:36.049Z
Rares,binder,Dread Summons,FDN,Foundations,604,normal,rare,1,101238,dfb5dd33-6e5b-4d78-92fa-678c9f01c606,1.75,false,false,near_mint,en,SEK,2026-07-23T14:38:36.049Z
Rares,binder,Harbinger of the Tides,FDN,Foundations,593,normal,rare,1,100888,9ca4f70d-ec17-49a4-8968-598ecdbe8243,1.75,false,false,near_mint,en,SEK,2026-07-23T14:38:36.049Z
Rares,binder,Immersturm Predator,FDN,Foundations,660,normal,rare,1,100510,52dfc234-e87a-4594-8dcf-0a2f95eedc97,1.75,false,false,near_mint,en,SEK,2026-07-23T14:38:36.049Z
Rares,binder,Mentor of the Meek,FDN,Foundations,578,normal,rare,1,100576,60790977-efd4-470a-823a-6929f84016e7,1.75,false,false,near_mint,en,SEK,2026-07-23T14:38:36.049Z
Rares,binder,Prime Speaker Zegana,FDN,Foundations,664,normal,rare,1,101170,d2f007b0-b578-44f8-be65-cd9e2ac56e09,1.75,false,false,near_mint,en,SEK,2026-07-23T14:38:36.049Z
Rares,binder,Temple of Epiphany,FDN,Foundations,699,normal,rare,1,100258,224e8255-7bc6-44a2-86af-14f8446f4f77,1.75,false,false,near_mint,en,SEK,2026-07-23T14:38:36.049Z
Rares,binder,Kalastria Highborn,FDN,Foundations,607,normal,rare,1,100208,1a52f6ef-7759-4be3-8b80-a57e9d6ae386,1.65,false,false,near_mint,en,SEK,2026-07-23T14:38:36.049Z
Rares,binder,"Linden, the Steadfast Queen",FDN,Foundations,577,normal,rare,1,100157,0dcd0898-db3d-44ec-9d56-a1b558da90f4,1.65,false,false,near_mint,en,SEK,2026-07-23T14:38:36.049Z
Rares,binder,Mazemind Tome,FDN,Foundations,676,normal,rare,1,101352,f45072cd-e3f2-4090-b984-50ec8d360bf2,1.65,false,false,near_mint,en,SEK,2026-07-23T14:38:36.049Z
Rares,binder,Cultivator's Caravan,FDN,Foundations,670,normal,rare,1,100265,249aa94c-85ab-4606-aa2c-c902bd83ac21,1.55,false,false,near_mint,en,SEK,2026-07-23T14:38:36.049Z
Rares,binder,Heroes' Bane,FDN,Foundations,639,normal,rare,1,100731,7f83195c-5150-4763-a2e1-5b109d185d55,1.55,false,false,near_mint,en,SEK,2026-07-23T14:38:36.049Z
Rares,binder,Temple of Plenty,FDN,Foundations,703,normal,rare,1,100624,69762774-c8e1-42de-90b3-5a4d50f5d84d,1.55,false,false,near_mint,en,SEK,2026-07-23T14:38:36.049Z
Rares,binder,Temple of Triumph,FDN,Foundations,705,normal,rare,1,101171,d2f58450-838d-4404-a68f-159e82b0e58d,1.55,false,false,near_mint,en,SEK,2026-07-23T14:38:36.049Z
Rares,binder,Wilt-Leaf Liege,FDN,Foundations,668,normal,rare,1,100479,4d383bbf-6bb1-4c2c-899b-65d8df9d0889,1.55,false,false,near_mint,en,SEK,2026-07-23T14:38:36.049Z
Rares,binder,Crawling Barrens,FDN,Foundations,685,normal,rare,1,100979,ac2aff0e-1319-4d3b-903c-fa1ce3db7602,1.45,false,false,near_mint,en,SEK,2026-07-23T14:38:36.049Z
Rares,binder,Myojin of Night's Reach,FDN,Foundations,610,normal,rare,1,100676,73bc5505-7fa0-4ebf-a691-b4ca5f52b019,1.45,false,false,near_mint,en,SEK,2026-07-23T14:38:36.049Z
Rares,binder,"Surrak, the Hunt Caller",FDN,Foundations,647,normal,rare,1,101194,d6a8759d-0dc8-4218-93ac-b1a35088f776,1.45,false,false,near_mint,en,SEK,2026-07-23T14:38:36.049Z
Rares,binder,Temple of Abandon,FDN,Foundations,696,normal,rare,1,100803,8a990a92-8d0f-489f-ae97-68c90fc5ccf1,1.45,false,false,near_mint,en,SEK,2026-07-23T14:38:36.049Z
Rares,binder,Wildborn Preserver,FDN,Foundations,650,normal,rare,1,100802,8a249d1c-a5fe-48e5-bd9b-e50d8eea391b,1.45,false,false,near_mint,en,SEK,2026-07-23T14:38:36.049Z
Rares,binder,Primal Might,FDN,Foundations,643,normal,rare,1,100877,9ae57d6b-15e8-4f2a-97c2-76d801a1a42a,1.36,false,false,near_mint,en,SEK,2026-07-23T14:38:36.049Z
Rares,binder,Redcap Gutter-Dweller,FDN,Foundations,631,normal,rare,1,101115,c6c7f55a-bcc7-4ca3-853d-fc6e260d9429,1.36,false,false,near_mint,en,SEK,2026-07-23T14:38:36.049Z
Rares,binder,Temple of Enlightenment,FDN,Foundations,698,normal,rare,1,100088,01f23c1a-a0fe-4520-88ed-045aa4044567,1.36,false,false,near_mint,en,SEK,2026-07-23T14:38:36.049Z
Rares,binder,Stromkirk Noble,FDN,Foundations,632,normal,rare,1,100164,0f306c7e-cacc-4c26-a3f1-fad4f3ff7cf3,1.26,false,false,near_mint,en,SEK,2026-07-23T14:38:36.049Z
Rares,binder,Voracious Greatshark,FDN,Foundations,600,normal,rare,1,101095,c27b40dd-9b2a-4a99-a984-ee9cfdb091a1,1.26,false,false,near_mint,en,SEK,2026-07-23T14:38:36.049Z
Rares,binder,Tempest Djinn,FDN,Foundations,598,normal,rare,1,100692,7766506c-bc18-4ac3-9034-e8f7e54c4039,1.16,false,false,near_mint,en,SEK,2026-07-23T14:38:36.049Z
Rares,binder,Temple of Mystery,FDN,Foundations,702,normal,rare,1,101075,bd581f1d-d8ba-47f9-b10b-b7b6d46239ce,1.16,false,false,near_mint,en,SEK,2026-07-23T14:38:36.049Z
Rares,binder,"Loot, Exuberant Explorer",FDN,Foundations,106,normal,rare,1,100131,09980ce6-425b-4e03-94d0-0f02043cb361,25.5,false,false,near_mint,en,SEK,2026-07-23T19:35:13.509Z
Rares,binder,Brass's Bounty,FDN,Foundations,190,normal,rare,1,100610,65fe7127-b0ec-400f-97f1-6e17ab8e319d,4.27,false,false,near_mint,en,SEK,2026-07-23T19:35:13.495Z
Rares,binder,Ashroot Animist,FDN,Foundations,345,normal,rare,1,100113,05b39d89-9902-4a45-a774-bea1c17ca5e4,3.39,false,false,near_mint,en,SEK,2026-07-23T19:35:13.481Z
Rares,binder,High-Society Hunter,FDN,Foundations,61,normal,rare,1,100501,51da4a4b-ea12-4169-a7cf-eb4427f13e84,3.49,false,false,near_mint,en,SEK,2026-07-23T19:35:13.480Z
Rares,binder,Bolas's Citadel,WAR,War of the Spark,79,foil,rare,1,44325,d2124603-d20e-40eb-97f0-a66323397ac2,216.82,false,false,near_mint,en,SEK,2026-07-23T19:48:08.097Z
Rares,binder,"Endrek Sahr, Master Breeder",MM2,Modern Masters 2015,82,normal,rare,1,11135,a97b9d0e-e150-46d5-b6fd-59793e82dae4,17.36,false,false,near_mint,en,SEK,2026-07-23T19:48:08.097Z
Rares,binder,Nevinyrral's Disk,CMM,Commander Masters,965,normal,rare,1,84234,36fb6ee3-bd54-4e5b-b055-c2c42515c162,11.05,false,false,near_mint,en,SEK,2026-07-23T19:48:08.097Z
Rares,binder,Doomsday Excruciator,DSK,Duskmourn: House of Horror,94,normal,rare,1,95600,542c89b6-48c6-4fcb-8a4c-b5ed2fa1d384,9.79,false,false,near_mint,en,SEK,2026-07-23T19:48:08.097Z
Rares,binder,Ob Nixilis of the Black Oath,CMM,Commander Masters,176,normal,rare,1,85083,fb4e4509-ffd8-4fd0-a678-19c9975d571b,8.92,false,false,near_mint,en,SEK,2026-07-23T19:48:08.097Z
Rares,binder,Lashwrithe,C14,Commander 2014,245,normal,rare,1,12611,de21d433-5c2c-49c0-80d1-bf6e8471f9d4,7.95,false,false,near_mint,en,SEK,2026-07-23T19:48:08.097Z
Rares,binder,"K'rrik, Son of Yawgmoth",MH3,Modern Horizons 3,274,normal,rare,1,94442,4f087b1c-97e0-4379-a94d-beac53685314,7.85,false,false,near_mint,en,SEK,2026-07-23T19:48:08.097Z
Rares,binder,"Zodiark, Umbral God",FIN,Final Fantasy,128,normal,rare,1,105676,9ba292d5-5139-42ea-950d-0a638445277f,7.56,false,false,near_mint,en,SEK,2026-07-23T19:48:08.097Z
Rares,binder,Invoke Despair,NEO,Kamigawa: Neon Dynasty,101,normal,rare,1,66349,35af9d5c-4449-4549-b549-c3ba4a67dee0,6.88,false,false,near_mint,en,SEK,2026-07-23T19:48:08.097Z
Rares,binder,Mimic Vat,NCC,New Capenna Commander,372,normal,rare,1,68434,dfa8757b-ef7d-44b8-ae80-45c436e85c1e,5.04,false,false,near_mint,en,SEK,2026-07-23T19:48:08.097Z
Rares,binder,Massacre Girl,DSC,Duskmourn: House of Horror Commander,146,normal,rare,1,99164,59957c45-4672-4650-80b1-70e4a60b429e,4.46,false,false,near_mint,en,SEK,2026-07-23T19:48:08.097Z
Rares,binder,Defiant Bloodlord,C21,Commander 2021,142,normal,rare,1,58785,4e7ae077-52c7-49a1-a61a-61e50b494616,4.07,false,false,near_mint,en,SEK,2026-07-23T19:48:08.097Z
Rares,binder,Nighthawk Scavenger,OTC,Outlaws of Thunder Junction Commander,144,normal,rare,1,93598,47433ce9-1ac6-4359-a5e4-4ec68490cb0c,3.78,false,false,near_mint,en,SEK,2026-07-23T19:48:08.097Z
Rares,binder,Disciple of Bolas,TDC,Tarkir: Dragonstorm Commander,178,normal,rare,1,104424,01ea8333-38a8-4b7b-9f03-c5534df28353,3.68,false,false,near_mint,en,SEK,2026-07-23T19:48:08.097Z
Rares,binder,"Shadow, Mysterious Assassin",FIC,Final Fantasy Commander,50,normal,rare,1,106244,f88d81d9-8ded-4c20-8237-2218046595fb,3.59,false,false,near_mint,en,SEK,2026-07-23T19:48:08.097Z
Rares,binder,Butcher of Malakir,LCC,The Lost Caverns of Ixalan Commander,187,normal,rare,1,88739,9d805499-0739-403e-8447-ed2707dc9eb2,3.49,false,false,near_mint,en,SEK,2026-07-23T19:48:08.097Z
Rares,binder,Hostile Negotiations,BRO,The Brothers' War,105,normal,rare,1,75904,f827a9a0-7b72-49e2-85fa-adcce1e8fdda,3.49,false,false,near_mint,en,SEK,2026-07-23T19:48:08.097Z
Rares,binder,Final Act,SOC,Secrets of Strixhaven Commander,213,normal,rare,1,112063,a86671d1-4f4b-486e-a0b3-671608974a82,3.39,false,false,near_mint,en,SEK,2026-07-23T19:48:08.097Z
Rares,binder,Pontiff of Blight,CLB,Commander Legends: Battle for Baldur's Gate,768,normal,rare,1,69725,fa04c8f5-e174-4055-a98c-efec2f064d69,3.2,false,false,near_mint,en,SEK,2026-07-23T19:48:08.097Z
Rares,binder,"Yahenni, Undying Partisan",SOC,Secrets of Strixhaven Commander,232,normal,rare,1,111934,518b155a-cb84-48d3-9aba-07577f60f091,3.1,false,false,near_mint,en,SEK,2026-07-23T19:48:08.097Z
Rares,binder,"Chainer, Dementia Master",CMM,Commander Masters,144,normal,rare,1,84099,186c30e6-2b84-415d-83e4-ecddaeb11ca1,3.01,false,false,near_mint,en,SEK,2026-07-23T19:48:08.097Z
Rares,binder,Decree of Pain,DSC,Duskmourn: House of Horror Commander,136,normal,rare,1,99325,bd594aeb-f5cc-4435-8ea8-c35c5824b58c,3.01,false,false,near_mint,en,SEK,2026-07-23T19:48:08.097Z
Rares,binder,Murderous Rider // Swift End,FIC,Final Fantasy Commander,279,normal,rare,1,106195,dd239710-62ef-43b5-aea2-e82bb385744d,2.33,false,false,near_mint,en,SEK,2026-07-23T19:48:08.097Z
Rares,binder,Puppeteer Clique,ECC,Lorwyn Eclipsed Commander,84,normal,rare,2,110670,ffb08d08-9936-4525-bd72-3c2b77783d7d,3.1,false,false,near_mint,en,SEK,2026-07-23T10:03:28.241Z
Uncommons,binder,Saved by the Shell,TMT,Teenage Mutant Ninja Turtles,132,normal,uncommon,1,111611,f6314c7f-41dc-4bbd-99db-3a8a1d2977b2,2.49,false,false,near_mint,en,SEK,2026-06-30T20:45:15.791Z
Uncommons,binder,"Leonardo, Leader in Blue",TMT,Teenage Mutant Ninja Turtles,16,normal,uncommon,1,111523,d6eaae35-d513-43d8-be2d-b97c15e25937,2.2,false,false,near_mint,en,SEK,2026-06-30T20:45:15.790Z
Uncommons,binder,"Venus, Torn Between Worlds",TMT,Teenage Mutant Ninja Turtles,136,normal,uncommon,1,111614,fcb59b16-3d76-478e-9306-969dd2cb1b5a,2.68,false,false,near_mint,en,SEK,2026-06-30T20:45:15.772Z
Uncommons,binder,Skateboard,TMT,Teenage Mutant Ninja Turtles,178,normal,uncommon,1,111527,deadb6d8-3eea-4261-a07c-8536df89e85c,3.26,false,false,near_mint,en,SEK,2026-06-30T20:45:15.768Z
Uncommons,binder,Quintessential Katana,TMT,Teenage Mutant Ninja Turtles,23,normal,uncommon,1,111538,ef9e227e-c581-479c-a962-2f191352b07f,2.11,false,false,near_mint,en,SEK,2026-06-30T20:45:15.766Z
Uncommons,binder,Costume Closet,SPM,Marvel's Spider-Man,5,normal,uncommon,1,108466,cc641f4a-ddbe-4f7d-bb55-eabf11f8b7fb,1.44,false,false,near_mint,en,SEK,2026-06-30T20:46:24.863Z
Uncommons,binder,Flying Octobot,SPM,Marvel's Spider-Man,31,normal,uncommon,1,107681,ebadcd4a-f58f-4328-a765-0ea8d8028417,1.53,false,false,near_mint,en,SEK,2026-06-30T20:46:24.861Z
Uncommons,binder,Terrific Team-Up,SPM,Marvel's Spider-Man,120,normal,uncommon,1,108597,f3c587b0-66b9-46bf-90ee-a6163c006c9e,1.63,false,false,near_mint,en,SEK,2026-06-30T20:46:24.859Z
Uncommons,binder,"Chameleon, Master of Disguise",SPM,Marvel's Spider-Man,27,foil,uncommon,1,108511,43892ce7-f63a-4294-922b-8f879f684033,12.84,false,false,near_mint,en,SEK,2026-06-30T20:46:24.856Z
Uncommons,binder,Master Piandao,TLA,Avatar: The Last Airbender,28,normal,uncommon,1,108191,3e4a042c-f2a6-45e7-9444-acd1ca838b87,1.82,false,false,near_mint,en,SEK,2026-06-30T21:07:42.753Z
Uncommons,binder,"Suki, Kyoshi Warrior",TLA,Avatar: The Last Airbender,243,normal,uncommon,1,108190,3e311480-04f8-4b8f-938e-1cc6d06b9902,1.82,false,false,near_mint,en,SEK,2026-06-30T21:07:42.751Z
Uncommons,binder,"Aang, the Last Airbender",TLA,Avatar: The Last Airbender,4,normal,uncommon,1,108175,245e008c-e073-443f-9592-6f628c0026ec,2.3,false,false,near_mint,en,SEK,2026-06-30T21:07:42.750Z
Uncommons,binder,Earth Rumble,TLA,Avatar: The Last Airbender,174,normal,uncommon,1,108218,62730505-56f1-4043-a8b9-4fb7bc508b47,1.05,false,false,near_mint,en,SEK,2026-06-30T21:07:42.742Z
Uncommons,binder,"Toph, the Blind Bandit",TLA,Avatar: The Last Airbender,198,normal,uncommon,1,108314,ff68fa7b-8065-407b-a8b4-bfbb14f1c99c,2.59,false,false,near_mint,en,SEK,2026-06-30T21:07:42.734Z
Uncommons,binder,"Haru, Hidden Talent",TLA,Avatar: The Last Airbender,182,normal,uncommon,1,108248,9657a0c0-2c26-4331-8e62-f032265a01af,2.4,false,false,near_mint,en,SEK,2026-06-30T21:07:42.732Z
Uncommons,binder,Match the Odds,TLE,Avatar: The Last Airbender Eternal,253,normal,uncommon,1,108178,28494ff6-efb7-4d3b-a7b3-21425df80490,2.4,false,false,near_mint,en,SEK,2026-06-30T21:07:42.722Z
Uncommons,binder,Hog-Monkey Rampage,TLE,Avatar: The Last Airbender Eternal,255,normal,uncommon,1,108249,97c41057-cf06-4f78-8c68-870fb763cfa6,1.44,false,false,near_mint,en,SEK,2026-06-30T21:07:42.721Z
Uncommons,binder,"Flopsie, Bumi's Buddy",TLA,Avatar: The Last Airbender,179,normal,uncommon,1,108156,082f4abc-c09f-42cf-977f-060875dfd411,2.78,false,false,near_mint,en,SEK,2026-06-30T21:07:42.714Z
Uncommons,binder,Eel-Hounds,TLE,Avatar: The Last Airbender Eternal,250,normal,uncommon,1,108151,05a50445-6d0f-423d-b27b-b2b0611f85d5,1.44,false,false,near_mint,en,SEK,2026-06-30T21:07:42.713Z
Uncommons,binder,"Long Feng, Grand Secretariat",TLA,Avatar: The Last Airbender,233,normal,uncommon,1,108257,a3eb92fe-bc59-4472-9028-f368bd015609,1.34,false,false,near_mint,en,SEK,2026-06-30T21:07:42.709Z
Uncommons,binder,Ozai's Cruelty,TLA,Avatar: The Last Airbender,113,normal,uncommon,1,108173,22cad680-d46a-4589-a633-b6ee9a78d61e,2.3,false,false,near_mint,en,SEK,2026-06-30T21:07:42.703Z
Uncommons,binder,Fire Nation Engineer,TLA,Avatar: The Last Airbender,99,normal,uncommon,1,108217,5daba108-277d-46c8-ac35-7610f4786813,0.96,false,false,near_mint,en,SEK,2026-06-30T21:07:42.698Z
Uncommons,binder,Buzzard-Wasp Colony,TLA,Avatar: The Last Airbender,88,normal,uncommon,1,108195,42d83229-0555-4361-8964-4b525c825843,1.82,false,false,near_mint,en,SEK,2026-06-30T21:07:42.693Z
Uncommons,binder,Epic Downfall,TLA,Avatar: The Last Airbender,96,normal,uncommon,1,108189,3b4a6804-04f5-4467-bb1c-9466a47bc55f,1.82,false,false,near_mint,en,SEK,2026-06-30T21:07:42.685Z
Uncommons,binder,Heartless Act,TLA,Avatar: The Last Airbender,103,normal,uncommon,1,108268,b57c57a8-d72b-4c6c-a2db-a7ef61190f42,2.88,false,false,near_mint,en,SEK,2026-06-30T21:07:42.684Z
Uncommons,binder,Cat-Gator,TLA,Avatar: The Last Airbender,91,normal,uncommon,1,108298,ec83a825-79e6-42a4-919c-3bc498ff4433,1.53,false,false,near_mint,en,SEK,2026-06-30T21:07:42.683Z
Uncommons,binder,"Hei Bai, Spirit of Balance",TLA,Avatar: The Last Airbender,225,normal,uncommon,1,108153,060d24e0-1567-41f1-ae8c-2d3b1834df3c,1.63,false,false,near_mint,en,SEK,2026-06-30T21:07:42.680Z
Uncommons,binder,"Sokka, Lateral Strategist",TLA,Avatar: The Last Airbender,241,normal,uncommon,1,108161,1326c5db-4615-495f-8e30-376243d91352,1.82,false,false,near_mint,en,SEK,2026-06-30T21:14:04.225Z
Uncommons,binder,Lost in the Spirit World,TLE,Avatar: The Last Airbender Eternal,224,normal,uncommon,1,108239,88745474-d8e7-407e-80df-02541ad1ab0b,1.05,false,false,near_mint,en,SEK,2026-06-30T21:14:04.223Z
Uncommons,binder,"Katara, Bending Prodigy",TLA,Avatar: The Last Airbender,59,normal,uncommon,1,108294,e8372167-383f-4302-a8ea-b6bf495c870c,1.92,false,false,near_mint,en,SEK,2026-06-30T21:14:04.218Z
Uncommons,binder,Serra's Blessing,9ED,Ninth Edition,44,normal,uncommon,1,28319,617547a7-087e-49b0-8c28-5aae457bec99,10.45,false,false,near_mint,en,SEK,2026-06-30T21:14:04.217Z
Uncommons,binder,Roku's Mastery,TLE,Avatar: The Last Airbender Eternal,243,normal,uncommon,1,108277,c6d9145b-cef7-4e39-8f62-0e5a6a1f08a3,1.34,false,false,near_mint,en,SEK,2026-06-30T21:14:04.212Z
Uncommons,binder,"Zuko, Exiled Prince",TLA,Avatar: The Last Airbender,163,normal,uncommon,1,108221,6a73b372-9c0e-4a85-89d2-440163330687,2.68,false,false,near_mint,en,SEK,2026-06-30T21:14:04.206Z
Uncommons,binder,Loyal Fire Sage,TLE,Avatar: The Last Airbender Eternal,242,normal,uncommon,1,108160,1126b572-1cac-44aa-8fec-e2c72a9fea47,1.63,false,false,near_mint,en,SEK,2026-06-30T21:14:04.205Z
Uncommons,binder,Fire Sages,TLA,Avatar: The Last Airbender,136,normal,uncommon,1,108225,71a9fa44-306f-417a-a9d9-991aff95025c,1.34,false,false,near_mint,en,SEK,2026-06-30T21:14:04.202Z
Uncommons,binder,Fire Nation's Conquest,TLE,Avatar: The Last Airbender Eternal,281,normal,uncommon,1,108197,44bd7972-c32b-4c39-9be9-5f81918786b7,2.11,false,false,near_mint,en,SEK,2026-06-30T21:14:04.200Z
Uncommons,binder,"Zhao, the Seething Flame",TLE,Avatar: The Last Airbender Eternal,286,normal,uncommon,1,108289,ddfb5e68-324a-45e1-b2b5-d62a1c9e554c,1.44,false,false,near_mint,en,SEK,2026-06-30T21:14:04.199Z
Uncommons,binder,"Iroh, Firebending Instructor",TLE,Avatar: The Last Airbender Eternal,282,normal,uncommon,1,108312,fd440b2c-e843-4760-a467-5f61f1d74314,3.93,false,false,near_mint,en,SEK,2026-06-30T21:14:04.195Z
Uncommons,binder,"Appa, Aang's Companion",TLE,Avatar: The Last Airbender Eternal,268,normal,uncommon,1,108281,cf5b4b3b-fb88-48da-ac3f-6a423be9cd44,3.26,false,false,near_mint,en,SEK,2026-06-30T21:14:04.186Z
Uncommons,binder,"Momo, Rambunctious Rascal",TLE,Avatar: The Last Airbender Eternal,217,normal,uncommon,1,108168,1ce491a2-bb43-48fc-acc7-273bc7f418d5,1.82,false,false,near_mint,en,SEK,2026-06-30T21:14:04.180Z
Uncommons,binder,"Sokka, Wolf Cove's Protector",TLE,Avatar: The Last Airbender Eternal,274,normal,uncommon,1,108300,ef442a4a-c58d-4b63-b751-9d3bd82fcc1d,2.88,false,false,near_mint,en,SEK,2026-06-30T21:14:04.179Z
Uncommons,binder,"Katara, Heroic Healer",TLE,Avatar: The Last Airbender Eternal,269,normal,uncommon,1,108311,fb0c34e3-5235-413c-a6b2-4a041a6b3da9,10.45,false,false,near_mint,en,SEK,2026-06-30T21:14:04.175Z
Uncommons,binder,Serpent of the Pass,TLA,Avatar: The Last Airbender,70,normal,uncommon,1,108237,87595843-15bc-48bb-8a81-3e6ad924ed44,1.44,false,false,near_mint,en,SEK,2026-06-30T21:16:16.697Z
Uncommons,binder,Master Pakku,TLA,Avatar: The Last Airbender,63,normal,uncommon,1,108246,91e30df5-63f7-4281-8d64-8d522d663652,2.01,false,false,near_mint,en,SEK,2026-06-30T21:16:16.688Z
Uncommons,binder,Arcane Epiphany,FDN,Foundations,29,normal,uncommon,1,100116,06431793-5dfe-4cbf-990b-4bcc960d1f31,1.74,false,false,near_mint,en,SEK,2026-07-04T13:01:34.095Z
Uncommons,binder,"Miriam, Herd Whisperer",OTJ,Outlaws of Thunder Junction,221,normal,uncommon,1,93330,bfa7750a-7c32-4413-b762-62e24d992c6b,2.12,false,false,near_mint,en,SEK,2026-07-04T13:15:53.973Z
Uncommons,binder,Nimble Brigand,OTJ,Outlaws of Thunder Junction,58,normal,uncommon,1,93220,73c74d48-362d-4c3b-9ff7-39bdd19657a6,1.06,false,false,near_mint,en,SEK,2026-07-04T13:15:53.972Z
Uncommons,binder,Lassoed by the Law,OTJ,Outlaws of Thunder Junction,18,foil,uncommon,1,93406,ea96eeac-c316-4247-a81f-0ddf52675ebf,0.68,false,false,near_mint,en,SEK,2026-07-04T13:15:53.967Z
Uncommons,binder,Fierce Retribution,OTP,Breaking News,2,normal,uncommon,1,93264,92270719-352d-426f-b498-fbeaf8fd087b,0.97,false,false,near_mint,en,SEK,2026-07-04T13:15:53.966Z
Uncommons,binder,Make Your Own Luck,OTJ,Outlaws of Thunder Junction,218,normal,uncommon,1,93032,0557b0a3-2b48-408f-a508-9f4da2ab1cd1,1.74,false,false,near_mint,en,SEK,2026-07-04T13:15:53.965Z
Uncommons,binder,Requisition Raid,OTJ,Outlaws of Thunder Junction,26,normal,uncommon,1,93053,154e9ba9-0d0e-4b0e-acf2-f66a993cf3a2,3.86,false,false,near_mint,en,SEK,2026-07-04T13:15:53.959Z
Uncommons,binder,Cunning Coyote,OTJ,Outlaws of Thunder Junction,118,normal,uncommon,1,93176,5b4ac6ea-c67b-4f90-be4f-aa25882f5794,1.55,false,false,near_mint,en,SEK,2026-07-04T13:15:53.958Z
Uncommons,binder,Deepmuck Desperado,OTJ,Outlaws of Thunder Junction,42,normal,uncommon,1,93435,f95ee726-7465-40f8-a954-19b19e636c12,1.16,false,false,near_mint,en,SEK,2026-07-04T13:15:53.950Z
Uncommons,binder,Skewer the Critics,OTP,Breaking News,26,normal,uncommon,1,93286,9f3261b6-4f5c-4cf0-a396-1d9397603602,1.93,false,false,near_mint,en,SEK,2026-07-04T14:18:27.272Z
Uncommons,binder,Sheriff of Safe Passage,OTJ,Outlaws of Thunder Junction,29,normal,uncommon,1,93336,c38a845d-f25d-45ab-9154-3fa5291b0ba0,1.06,false,false,near_mint,en,SEK,2026-07-04T14:18:27.269Z
Uncommons,binder,Ferocification,OTJ,Outlaws of Thunder Junction,123,normal,uncommon,1,93227,78db4260-6fc8-4500-afd7-2c845ac0d53b,1.26,false,false,near_mint,en,SEK,2026-07-04T14:18:27.268Z
Uncommons,binder,Unscrupulous Contractor,OTJ,Outlaws of Thunder Junction,112,normal,uncommon,1,93283,9e56a8df-db04-4a88-a5ab-6954d3449976,1.26,false,false,near_mint,en,SEK,2026-07-04T14:18:27.267Z
Uncommons,binder,Take for a Ride,OTJ,Outlaws of Thunder Junction,148,normal,uncommon,1,93343,c8e2ff9c-0e98-46f9-a33c-739388c5f3d0,2.12,false,false,near_mint,en,SEK,2026-07-04T14:23:25.564Z
Uncommons,binder,Boom Box,OTJ,Outlaws of Thunder Junction,241,normal,uncommon,1,93405,ea61d964-6d73-422e-9e08-360ac66f237a,1.55,false,false,near_mint,en,SEK,2026-07-04T14:23:25.563Z
Uncommons,binder,Betrayal at the Vault,OTJ,Outlaws of Thunder Junction,155,normal,uncommon,1,93338,c494820f-607d-4ed2-8a86-a916ae390272,1.74,false,false,near_mint,en,SEK,2026-07-04T14:23:25.562Z
Uncommons,binder,"Dwynen, Gilt-Leaf Daen",FDN,Foundations,217,normal,uncommon,1,100086,01c00d7b-7fac-4f8c-a1ea-de2cf4d06627,2.9,false,false,near_mint,en,SEK,2026-07-04T14:29:24.078Z
Uncommons,binder,Serra Angel,FDN,Foundations,147,normal,uncommon,1,100391,3cee9303-9d65-45a2-93d4-ef4aba59141b,2.22,false,false,near_mint,en,SEK,2026-07-04T14:29:24.076Z
Uncommons,binder,Fell,BLB,Bloomburrow,95,normal,uncommon,1,95830,c96ac326-de44-470b-a592-a4c2a052c091,3.38,false,false,near_mint,en,SEK,2026-07-05T22:16:12.782Z
Uncommons,binder,Curious Forager,BLB,Bloomburrow,169,foil,uncommon,1,95929,64653b4a-e139-45f9-a915-ab49afb6b795,2.99,false,false,near_mint,en,SEK,2026-07-05T22:16:12.782Z
Uncommons,binder,Bonecache Overseer,BLB,Bloomburrow,85,normal,uncommon,1,95944,82defb87-237f-4b77-9673-5bf00607148f,2.7,false,false,near_mint,en,SEK,2026-07-05T22:16:12.782Z
Uncommons,binder,Hunter's Talent,BLB,Bloomburrow,179,normal,uncommon,1,95847,e9a31863-9649-4a4f-99e4-c93729938bd7,2.7,false,false,near_mint,en,SEK,2026-07-05T22:16:12.782Z
Uncommons,binder,Thought-Stalker Warlock,BLB,Bloomburrow,118,foil,uncommon,1,96018,42e80284-d489-493b-ae92-95b742d07cb3,2.7,false,false,near_mint,en,SEK,2026-07-05T22:16:12.782Z
Uncommons,binder,Feed the Cycle,BLB,Bloomburrow,94,normal,uncommon,1,96067,7e017ff8-2936-4a1b-bece-00004cfbad06,2.61,false,false,near_mint,en,SEK,2026-07-05T22:16:12.782Z
Uncommons,binder,Short Bow,BLB,Bloomburrow,248,normal,uncommon,1,96281,51d8b72b-fa8f-48d3-bddc-d3ce9b8ba2ea,2.61,false,false,near_mint,en,SEK,2026-07-05T22:16:12.782Z
Uncommons,binder,Persistent Marshstalker,BLB,Bloomburrow,104,normal,uncommon,1,95947,8b900c71-713b-4b7e-b4be-ad9f4aa0c139,2.41,false,false,near_mint,en,SEK,2026-07-05T22:16:12.782Z
Uncommons,binder,Vinereap Mentor,BLB,Bloomburrow,238,normal,uncommon,1,95902,29b615ba-45c4-42a1-8525-1535f0b55300,2.41,false,false,near_mint,en,SEK,2026-07-05T22:16:12.782Z
Uncommons,binder,Stargaze,BLB,Bloomburrow,114,normal,uncommon,1,95939,777fc599-8de7-44d2-8fdd-9bddf5948a0c,2.32,false,false,near_mint,en,SEK,2026-07-05T22:16:12.782Z
Uncommons,binder,Thought-Stalker Warlock,BLB,Bloomburrow,118,normal,uncommon,1,96018,42e80284-d489-493b-ae92-95b742d07cb3,2.03,false,false,near_mint,en,SEK,2026-07-05T22:16:12.782Z
Uncommons,binder,Ruthless Negotiation,BLB,Bloomburrow,108,normal,uncommon,1,95828,c7f4360c-8d68-4058-b9ec-da9948cb060d,1.84,false,false,near_mint,en,SEK,2026-07-05T22:16:12.782Z
Uncommons,binder,Mouse Trapper,BLB,Bloomburrow,22,normal,uncommon,1,95948,8ba1bc5a-03e7-44ec-893e-44042cbc02ef,1.74,false,false,near_mint,en,SEK,2026-07-05T22:16:12.782Z
Uncommons,binder,Downwind Ambusher,BLB,Bloomburrow,92,normal,uncommon,1,95920,55cfd628-933a-4d3d-b2e5-70bc86960d1c,1.06,false,false,near_mint,en,SEK,2026-07-05T22:16:12.782Z
Uncommons,binder,Honored Dreyleader,BLB,Bloomburrow,178,normal,uncommon,2,96107,bc5ee537-52e1-474a-9326-dfacc2a758ab,2.75,false,false,near_mint,en,SEK,2026-07-05T22:16:32.562Z
Uncommons,binder,Parting Gust,BLB,Bloomburrow,24,normal,uncommon,1,95744,1086e826-94b8-4398-8a38-d8eacca56a43,11.77,false,false,near_mint,en,SEK,2026-07-18T12:42:52.732Z
Uncommons,binder,Moonstone Harbinger,BLB,Bloomburrow,101,normal,uncommon,1,95922,59e4aa8d-1d06-48db-b205-aa2f1392bbcb,2.6,false,false,near_mint,en,SEK,2026-07-18T12:42:52.731Z
Uncommons,binder,Blooming Blast,BLB,Bloomburrow,126,normal,uncommon,1,95996,0cd92a83-cec3-4085-a929-3f204e3e0140,1.54,false,false,near_mint,en,SEK,2026-07-18T12:42:52.730Z
Uncommons,binder,Burrowguard Mentor,BLB,Bloomburrow,206,foil,uncommon,1,95945,87138ace-3594-499e-bad5-ec76148613ea,3.18,false,false,near_mint,en,SEK,2026-07-19T13:04:02.812Z
Uncommons,binder,Mudflat Village,BLB,Bloomburrow,257,normal,uncommon,1,95628,53ec4ad3-9cf0-4f1b-a9db-d63feee594ab,3.38,false,false,near_mint,en,SEK,2026-07-19T13:04:02.808Z
Uncommons,binder,Bark-Knuckle Boxer,BLB,Bloomburrow,164,normal,uncommon,1,95921,582637a9-6aa0-4824-bed7-d5fc91bda35e,2.51,false,false,near_mint,en,SEK,2026-07-19T13:04:02.807Z
Uncommons,binder,Teapot Slinger,BLB,Bloomburrow,157,normal,uncommon,1,96015,30506844-349f-4b68-8cc1-d028c1611cc7,1.45,false,false,near_mint,en,SEK,2026-07-19T13:04:02.806Z
Uncommons,binder,Wear Down,BLB,Bloomburrow,203,normal,uncommon,1,95863,fded2b83-3b7d-4c8c-83c4-0624a1069628,3.18,false,false,near_mint,en,SEK,2026-07-19T13:04:02.795Z
Uncommons,binder,Driftgloom Coyote,BLB,Bloomburrow,11,normal,uncommon,1,95969,d7ab2de3-3aea-461a-a74f-fb742cf8a198,1.25,false,false,near_mint,en,SEK,2026-07-19T13:04:02.794Z
Uncommons,binder,Flamecache Gecko,BLB,Bloomburrow,135,normal,uncommon,1,96142,fb8e7c97-8393-41b8-bb0b-3983dcc5e7f4,1.54,false,false,near_mint,en,SEK,2026-07-19T13:04:02.793Z
Uncommons,binder,Splash Lasher,BLB,Bloomburrow,73,normal,uncommon,1,95910,362ee125-35a0-46cd-a201-e6797d12d33a,2.22,false,false,near_mint,en,SEK,2026-07-19T13:04:02.792Z
Uncommons,binder,Evolution Sage,ECC,Lorwyn Eclipsed Commander,105,normal,uncommon,1,110450,1d58d08d-cd62-416d-8d8e-7d9c56d5c4da,22.01,false,false,near_mint,en,SEK,2026-07-23T10:03:28.241Z
Uncommons,binder,Sol Ring,ECC,Lorwyn Eclipsed Commander,58,normal,uncommon,1,110437,0d38ff41-a60c-4d70-92e4-4d3d3ab073a3,20.27,false,false,near_mint,en,SEK,2026-07-23T10:03:28.241Z
Uncommons,binder,Flourishing Defenses,ECC,Lorwyn Eclipsed Commander,107,normal,uncommon,1,110478,37a678b3-53ba-48c7-9846-6454f8b34127,11.35,false,false,near_mint,en,SEK,2026-07-23T10:03:28.241Z
Uncommons,binder,Arcane Signet,ECC,Lorwyn Eclipsed Commander,56,normal,uncommon,1,110584,a5dc8c3f-c8a3-4bea-9874-4bf9b221408b,4.75,false,false,near_mint,en,SEK,2026-07-23T10:03:28.241Z
Uncommons,binder,Golgari Rot Farm,ECC,Lorwyn Eclipsed Commander,151,normal,uncommon,1,110488,42486edd-24b7-4299-84fa-50559917b2a8,3.68,false,false,near_mint,en,SEK,2026-07-23T10:03:28.241Z
Uncommons,binder,Blowfly Infestation,ECC,Lorwyn Eclipsed Commander,46,normal,uncommon,1,110537,77e5dc0c-f4db-4540-b8d1-a07d7c96a374,3.59,false,false,near_mint,en,SEK,2026-07-23T10:03:28.241Z
Uncommons,binder,Devoted Druid,ECC,Lorwyn Eclipsed Commander,104,normal,uncommon,1,110456,22589a81-3ea8-4e78-98c9-c015e7539cf9,3.49,false,false,near_mint,en,SEK,2026-07-23T10:03:28.241Z
Uncommons,binder,Rakdos Carnarium,ECC,Lorwyn Eclipsed Commander,161,normal,uncommon,1,110454,20c799a9-ab94-46e6-9111-00505e071c41,3.3,false,false,near_mint,en,SEK,2026-07-23T10:03:28.241Z
Uncommons,binder,Savage Lands,ECC,Lorwyn Eclipsed Commander,165,normal,uncommon,1,110501,55187461-2ff3-424b-85d5-2ca09567d44e,3.3,false,false,near_mint,en,SEK,2026-07-23T10:03:28.241Z
Uncommons,binder,Infernal Grasp,ECC,Lorwyn Eclipsed Commander,77,normal,uncommon,1,110459,2430acb7-b371-4a03-88e7-0660a51836dd,3.01,false,false,near_mint,en,SEK,2026-07-23T10:03:28.241Z
Uncommons,binder,Contagion Clasp,ECC,Lorwyn Eclipsed Commander,140,normal,uncommon,1,110652,edd7f08a-3baf-4fb0-921e-b0e7b4a1a545,2.81,false,false,near_mint,en,SEK,2026-07-23T10:03:28.241Z
Uncommons,binder,Fire Covenant,ECC,Lorwyn Eclipsed Commander,54,normal,uncommon,1,110449,1a13437b-e0c7-4ca9-a0e2-b8cb1b5813ec,2.81,false,false,near_mint,en,SEK,2026-07-23T10:03:28.241Z
Uncommons,binder,Gruul Turf,ECC,Lorwyn Eclipsed Commander,152,normal,uncommon,1,110657,f19d2b68-1415-4a0c-bb68-cfacb611c4d2,2.81,false,false,near_mint,en,SEK,2026-07-23T10:03:28.241Z
Uncommons,binder,Ifnir Deadlands,ECC,Lorwyn Eclipsed Commander,153,normal,uncommon,1,110565,902e260d-71ba-4342-9794-fefe2b531c00,2.81,false,false,near_mint,en,SEK,2026-07-23T10:03:28.241Z
Uncommons,binder,Binding the Old Gods,ECC,Lorwyn Eclipsed Commander,120,normal,uncommon,1,110487,41802f18-7d46-431a-acb3-dbcc82eb415a,2.72,false,false,near_mint,en,SEK,2026-07-23T10:03:28.241Z
Uncommons,binder,Cathartic Pyre,ECC,Lorwyn Eclipsed Commander,90,normal,uncommon,1,110438,0d762a71-ee49-49fd-a54a-0c066277c88c,2.72,false,false,near_mint,en,SEK,2026-07-23T10:03:28.241Z
Uncommons,binder,Hoarder's Greed,ECC,Lorwyn Eclipsed Commander,47,normal,uncommon,1,110442,1293ed24-781c-465f-8561-39b01e7ba388,2.72,false,false,near_mint,en,SEK,2026-07-23T10:03:28.241Z
Uncommons,binder,Skinrender,ECC,Lorwyn Eclipsed Commander,86,normal,uncommon,1,110447,178bca8c-8686-414f-8c71-a582eecd273d,2.72,false,false,near_mint,en,SEK,2026-07-23T10:03:28.241Z
Uncommons,binder,Harmonize,ECC,Lorwyn Eclipsed Commander,111,normal,uncommon,1,110534,754c9a93-bbd6-4b2c-9158-70341be6b912,2.62,false,false,near_mint,en,SEK,2026-07-23T10:03:28.241Z
Uncommons,binder,Incremental Blight,ECC,Lorwyn Eclipsed Commander,76,normal,uncommon,1,110517,67028351-3023-4433-96fe-f5c32710bdf0,2.42,false,false,near_mint,en,SEK,2026-07-23T10:03:28.241Z
Uncommons,binder,Kulrath Knight,ECC,Lorwyn Eclipsed Commander,126,normal,uncommon,1,110617,c28c15bd-6fb3-4250-81c4-d42f3efdb6f6,2.42,false,false,near_mint,en,SEK,2026-07-23T10:03:28.241Z
Uncommons,binder,Soul Snuffers,ECC,Lorwyn Eclipsed Commander,87,normal,uncommon,1,110618,c3313376-cda8-4458-baa8-be3eac236192,2.33,false,false,near_mint,en,SEK,2026-07-23T10:03:28.241Z
Uncommons,binder,Lasting Tarfire,ECL,Lorwyn Eclipsed,149,normal,uncommon,1,110574,9c4a95ac-072f-4219-80a0-1ce71f1b8411,2.13,false,false,near_mint,en,SEK,2026-07-23T10:03:28.241Z
Uncommons,binder,Putrefy,ECC,Lorwyn Eclipsed Commander,131,normal,uncommon,1,110592,ad6ed9f1-2014-49e2-91c6-2b55c8d60cdc,2.04,false,false,near_mint,en,SEK,2026-07-23T10:03:28.241Z
Uncommons,binder,Boros Charm,FDN,Foundations,721,foil,uncommon,1,101242,e0d8c9f6-cbbd-4694-b100-01cfb81036cc,48.48,false,false,near_mint,en,SEK,2026-07-23T14:38:36.049Z
Uncommons,binder,Bolt Bend,FDN,Foundations,619,normal,uncommon,1,101152,cf01af2c-68e5-4bb5-81de-f3a1b860fb2e,25.5,false,false,near_mint,en,SEK,2026-07-23T14:38:36.049Z
Uncommons,binder,Swiftfoot Boots,FDN,Foundations,355,normal,uncommon,1,100403,3e9b53da-4744-429d-97c6-f7ee4d568731,21.33,false,false,near_mint,en,SEK,2026-07-23T14:38:36.049Z
Uncommons,binder,Sol Ring,FDC,Foundations Commander,2,foil,uncommon,1,100250,219210d3-263c-41c4-9211-0e59b2d4ccf3,16.0,false,false,near_mint,en,SEK,2026-07-23T14:38:36.049Z
Uncommons,binder,Arcane Signet,FDC,Foundations Commander,1,foil,uncommon,1,100713,7b4b3e1c-1dc4-46d9-9234-f9d1d2ebb8f8,5.14,false,false,near_mint,en,SEK,2026-07-23T14:38:36.049Z
Uncommons,binder,Garruk's Uprising,FDN,Foundations,220,normal,uncommon,1,100447,4805c303-e73b-443b-a09f-49d2c2c88bb5,3.78,false,false,near_mint,en,SEK,2026-07-23T14:38:36.049Z
Uncommons,binder,Rogue's Passage,FDN,Foundations,264,normal,uncommon,1,100922,a2a424ea-ef32-4ac5-8f8c-3ea1839f01d4,3.78,false,false,near_mint,en,SEK,2026-07-23T14:38:36.049Z
Uncommons,binder,Heraldic Banner,FDN,Foundations,254,normal,uncommon,1,100678,743ea709-dbb3-4db8-a2ce-544f47eb6339,3.49,false,false,near_mint,en,SEK,2026-07-23T14:38:36.049Z
Uncommons,binder,Stroke of Midnight,FDN,Foundations,148,normal,uncommon,1,100970,ab135925-d924-456d-851a-6ccdaaf27271,3.39,false,false,near_mint,en,SEK,2026-07-23T14:38:36.049Z
Uncommons,binder,Empyrean Eagle,FDN,Foundations,239,normal,uncommon,1,100533,577e99a7-4a55-4314-8f08-2ae0c33b85c7,3.1,false,false,near_mint,en,SEK,2026-07-23T14:38:36.049Z
Uncommons,binder,Overrun,FDN,Foundations,230,normal,uncommon,1,100220,1d8e9cbb-8bf4-4a48-a58e-79deb3abdf7f,3.1,false,false,near_mint,en,SEK,2026-07-23T14:38:36.049Z
Uncommons,binder,Savage Ventmaw,FDN,Foundations,665,normal,uncommon,1,100489,50027d69-8bb0-444c-8e9b-4c9afd91cbda,3.01,false,false,near_mint,en,SEK,2026-07-23T14:38:36.049Z
Uncommons,binder,Ajani's Pridemate,FDN,Foundations,293,normal,uncommon,1,101180,d4cfb9bc-4273-4e5f-a7ac-2006a8345a4e,2.81,false,false,near_mint,en,SEK,2026-07-23T14:38:36.049Z
Uncommons,binder,Mischievous Mystic,FDN,Foundations,47,normal,uncommon,2,100242,20d89cec-528b-4b2a-87db-e11ce0000622,2.81,false,false,near_mint,en,SEK,2026-07-23T14:38:36.049Z
Uncommons,binder,Ajani's Pridemate,FDN,Foundations,135,normal,uncommon,1,100255,222c1a68-e34c-4103-b1be-17d4ceaef6ce,2.72,false,false,near_mint,en,SEK,2026-07-23T14:38:36.049Z
Uncommons,binder,Reclamation Sage,FDN,Foundations,340,normal,uncommon,1,100997,af3f0764-9d80-4e15-a402-1f93e652bcbb,2.72,false,false,near_mint,en,SEK,2026-07-23T14:38:36.049Z
Uncommons,binder,Twinblade Blessing,FDN,Foundations,26,normal,uncommon,1,101310,ecf01cbe-9fcb-4f35-bc6b-2280620b06ff,2.72,false,false,near_mint,en,SEK,2026-07-23T14:38:36.049Z
Uncommons,binder,Vengeful Bloodwitch,FDN,Foundations,325,normal,uncommon,1,101593,c944c5dc-9cb6-4dfd-aa90-5e180ffaa0fe,2.72,false,false,near_mint,en,SEK,2026-07-23T14:38:36.049Z
Uncommons,binder,Abrade,FDN,Foundations,327,normal,uncommon,1,100963,aa74ab7c-b9de-47ab-83ea-2b98738838c7,2.62,false,false,near_mint,en,SEK,2026-07-23T14:38:36.049Z
Uncommons,binder,Demolition Field,FDN,Foundations,687,normal,uncommon,1,100150,0c7e51b6-4898-4632-b39c-3ce438caa882,2.62,false,false,near_mint,en,SEK,2026-07-23T14:38:36.049Z
Uncommons,binder,Divine Resilience,FDN,Foundations,10,normal,uncommon,1,101347,f3a08245-a535-4d24-b8c0-78759bb9c4b0,2.62,false,false,near_mint,en,SEK,2026-07-23T14:38:36.049Z
Uncommons,binder,Goblin Negotiation,FDN,Foundations,88,normal,uncommon,1,101335,f2016585-e26c-4d13-b09f-af6383c192f7,2.62,false,false,near_mint,en,SEK,2026-07-23T14:38:36.049Z
Uncommons,binder,Angel of Vitality,FDN,Foundations,706,foil,uncommon,1,101094,c279947e-168f-4af5-902b-aba724f52b8a,2.42,false,false,near_mint,en,SEK,2026-07-23T14:38:36.049Z
Uncommons,binder,Brineborn Cutthroat,FDN,Foundations,152,normal,uncommon,2,100986,acf7aafb-931f-49e5-8691-eab8cb34b05e,2.42,false,false,near_mint,en,SEK,2026-07-23T14:38:36.049Z
Uncommons,binder,Burnished Hart,FDN,Foundations,250,normal,uncommon,1,100609,65ebbff0-fbe6-4310-a33f-e00bb2534979,2.42,false,false,near_mint,en,SEK,2026-07-23T14:38:36.049Z
Uncommons,binder,Cat Collector,FDN,Foundations,4,normal,uncommon,1,100507,526fe356-bff1-4211-9e88-bf913ac76b1d,2.42,false,false,near_mint,en,SEK,2026-07-23T14:38:36.049Z
Uncommons,binder,Meteor Golem,FDN,Foundations,256,normal,uncommon,1,101167,d291ea1e-36bc-46b3-b3ae-084fa0ba69eb,2.42,false,false,near_mint,en,SEK,2026-07-23T14:38:36.049Z
Uncommons,binder,Vengeful Bloodwitch,FDN,Foundations,76,normal,uncommon,3,97189,bd0c12dd-f138-45c0-9614-d83a1d8e8399,2.42,false,false,near_mint,en,SEK,2026-07-23T14:38:36.049Z
Uncommons,binder,"Ruby, Daring Tracker",FDN,Foundations,245,normal,uncommon,1,101405,fe3e7dd2-b66d-4218-9fde-f84bec26b7bf,2.33,false,false,near_mint,en,SEK,2026-07-23T14:38:36.049Z
Uncommons,binder,Wildwood Scourge,FDN,Foundations,236,normal,uncommon,1,100359,36359fb6-fb8c-4382-8555-e348422f116c,2.33,false,false,near_mint,en,SEK,2026-07-23T14:38:36.049Z
Uncommons,binder,Fireshrieker,FDN,Foundations,674,normal,uncommon,1,100451,484fbce6-71bd-40eb-a71b-86958a094708,2.23,false,false,near_mint,en,SEK,2026-07-23T14:38:36.049Z
Uncommons,binder,Perforating Artist,FDN,Foundations,124,normal,uncommon,1,100674,72980409-53f0-43c1-965e-06f22e7bb608,2.23,false,false,near_mint,en,SEK,2026-07-23T14:38:36.049Z
Uncommons,binder,Dreadwing Scavenger,FDN,Foundations,118,normal,uncommon,1,101252,e24d838b-ab48-410a-9a50-dbfea5da089b,2.13,false,false,near_mint,en,SEK,2026-07-23T14:38:36.049Z
Uncommons,binder,Guttersnipe,FDN,Foundations,716,foil,uncommon,1,101229,dde674d6-f4e7-410b-acf0-34021290576d,2.13,false,false,near_mint,en,SEK,2026-07-23T14:38:36.049Z
Uncommons,binder,Midnight Snack,FDN,Foundations,65,normal,uncommon,1,101129,c9b7543f-2a45-4db6-b560-d15507a58c91,2.13,false,false,near_mint,en,SEK,2026-07-23T14:38:36.049Z
Uncommons,binder,Spectral Sailor,FDN,Foundations,164,normal,uncommon,2,100100,03a49535-c5f3-4a6f-b333-7ac7bffdc9ae,2.13,false,false,near_mint,en,SEK,2026-07-23T14:38:36.049Z
Uncommons,binder,Stromkirk Bloodthief,FDN,Foundations,185,normal,uncommon,1,97176,485d6a5a-2054-47d5-91b8-71ce308ed4dc,2.13,false,false,near_mint,en,SEK,2026-07-23T14:38:36.049Z
Uncommons,binder,Vile Entomber,FDN,Foundations,616,normal,uncommon,1,100755,833b5a32-5d77-4e46-a524-25bada29ef59,2.13,false,false,near_mint,en,SEK,2026-07-23T14:38:36.049Z
Uncommons,binder,Faebloom Trick,FDN,Foundations,38,normal,uncommon,1,100148,0c3bee8f-f5be-4404-a696-c902637799c3,2.04,false,false,near_mint,en,SEK,2026-07-23T14:38:36.049Z
Uncommons,binder,Hedron Archive,FDN,Foundations,726,foil,uncommon,1,100513,535b9ac6-dba2-4162-86ed-df3e9fad0306,2.04,false,false,near_mint,en,SEK,2026-07-23T14:38:36.049Z
Uncommons,binder,Mortify,FDN,Foundations,662,normal,uncommon,1,100793,88e85619-3a7d-48c2-b9b0-20718c913696,1.94,false,false,near_mint,en,SEK,2026-07-23T14:38:36.049Z
Uncommons,binder,Quakestrider Ceratops,FDN,Foundations,110,normal,uncommon,1,100120,067f72c2-ead6-4879-bc9d-696c9f87c0b2,1.94,false,false,near_mint,en,SEK,2026-07-23T14:38:36.049Z
Uncommons,binder,Tribute to Hunger,FDN,Foundations,614,normal,uncommon,1,100170,11f1b897-bb7d-4217-97a7-c89f2453c8fa,1.94,false,false,near_mint,en,SEK,2026-07-23T14:38:36.049Z
Uncommons,binder,Dragon Mage,FDN,Foundations,621,normal,uncommon,1,100526,5525cfde-a92b-4fb5-8f15-a05efebecd3d,1.84,false,false,near_mint,en,SEK,2026-07-23T14:38:36.049Z
Uncommons,binder,Wardens of the Cycle,FDN,Foundations,125,normal,uncommon,1,100761,83ea9b2c-5723-4eff-88ac-6669975939e3,1.84,false,false,near_mint,en,SEK,2026-07-23T14:38:36.049Z
Uncommons,binder,Devout Decree,FDN,Foundations,571,normal,uncommon,1,101162,d174cb01-b1cf-444c-a893-cc61ddf88b8c,1.75,false,false,near_mint,en,SEK,2026-07-23T14:38:36.049Z
Uncommons,binder,"Fynn, the Fangbearer",FDN,Foundations,637,normal,uncommon,1,100626,699efb9e-2649-432b-8b2d-10775114c314,1.75,false,false,near_mint,en,SEK,2026-07-23T14:38:36.049Z
Uncommons,binder,Heroic Reinforcements,FDN,Foundations,241,normal,uncommon,1,100631,6a05e8d5-c2ad-489a-888d-22622886b620,1.75,false,false,near_mint,en,SEK,2026-07-23T14:38:36.049Z
Uncommons,binder,Micromancer,FDN,Foundations,158,normal,uncommon,1,101274,e6af54ea-b57a-4e50-8e46-1747cca14430,1.75,false,false,near_mint,en,SEK,2026-07-23T14:38:36.049Z
Uncommons,binder,Ordeal of Nylea,FDN,Foundations,641,normal,uncommon,1,100209,1a70424d-86a7-44a3-acda-4463d7ac503b,1.75,false,false,near_mint,en,SEK,2026-07-23T14:38:36.049Z
Uncommons,binder,Release the Dogs,FDN,Foundations,580,normal,uncommon,1,100125,07f10906-4fd5-44e8-99c7-3f9dcc988c48,1.75,false,false,near_mint,en,SEK,2026-07-23T14:38:36.049Z
Uncommons,binder,Soul-Guide Lantern,FDN,Foundations,680,normal,uncommon,1,100649,6d3ff537-86f0-405e-b96b-1250720af031,1.75,false,false,near_mint,en,SEK,2026-07-23T14:38:36.049Z
Uncommons,binder,Heartfire Immolator,FDN,Foundations,201,normal,uncommon,2,100390,3ca38f4d-01f5-4a02-9000-01261a440dbf,1.65,false,false,near_mint,en,SEK,2026-07-23T14:38:36.049Z
Uncommons,binder,Resolute Reinforcements,FDN,Foundations,145,normal,uncommon,1,100841,940f3989-77cc-49a9-92e0-095a75d80f0f,1.65,false,false,near_mint,en,SEK,2026-07-23T14:38:36.049Z
Uncommons,binder,Circuitous Route,FDN,Foundations,635,normal,uncommon,2,100946,a806dec2-d4f9-4f8d-a1dd-170777941131,1.55,false,false,near_mint,en,SEK,2026-07-23T14:38:36.049Z
Uncommons,binder,Cryptic Caves,FDN,Foundations,686,normal,uncommon,1,100943,a7976098-b560-458a-ad3c-18f7873add21,1.55,false,false,near_mint,en,SEK,2026-07-23T14:38:36.049Z
Uncommons,binder,Elvish Regrower,FDN,Foundations,104,normal,uncommon,1,100278,2694e3cd-26ed-4a10-ae55-fb84d7800253,1.55,false,false,near_mint,en,SEK,2026-07-23T14:38:36.049Z
Uncommons,binder,Seeker's Folly,FDN,Foundations,69,normal,uncommon,1,101067,bc359da6-8b7f-45ec-b530-ce159fc35953,1.55,false,false,near_mint,en,SEK,2026-07-23T14:38:36.049Z
Uncommons,binder,Vampiric Rites,FDN,Foundations,615,normal,uncommon,1,100875,9ae0b1e0-a481-4a98-b67b-0cf8bac53fdd,1.55,false,false,near_mint,en,SEK,2026-07-23T14:38:36.049Z
Uncommons,binder,Essence Scatter,FDN,Foundations,153,normal,uncommon,1,101226,dd05c850-f91e-4ffb-b4cc-8418d49dad90,1.45,false,false,near_mint,en,SEK,2026-07-23T14:38:36.049Z
Uncommons,binder,Joust Through,FDN,Foundations,19,normal,uncommon,1,100767,846adb38-f9bb-4fed-b8ed-36ec7885f989,1.45,false,false,near_mint,en,SEK,2026-07-23T14:38:36.049Z
Uncommons,binder,Make a Stand,FDN,Foundations,708,foil,uncommon,1,100883,9c26415d-9e98-480b-9e30-b3aed00d5f3d,1.45,false,false,near_mint,en,SEK,2026-07-23T14:38:36.049Z
Uncommons,binder,Ravenous Amulet,FDN,Foundations,131,normal,uncommon,1,100744,80cadee5-6f26-4440-ad31-a8e573a90436,1.45,false,false,near_mint,en,SEK,2026-07-23T14:38:36.049Z
Uncommons,binder,Archway Angel,FDN,Foundations,566,normal,uncommon,1,100305,2c3ff489-bdd7-4aeb-8130-3c234d0dd3dd,1.36,false,false,near_mint,en,SEK,2026-07-23T14:38:36.049Z
Uncommons,binder,Deadly Brew,FDN,Foundations,654,normal,uncommon,1,100474,4cd4d5a4-4342-49fb-b1e4-7d08e6cf5376,1.36,false,false,near_mint,en,SEK,2026-07-23T14:38:36.049Z
Uncommons,binder,Feldon's Cane,FDN,Foundations,673,normal,uncommon,1,100091,026f55c3-8e65-4520-b26d-6208344f73b2,1.36,false,false,near_mint,en,SEK,2026-07-23T14:38:36.049Z
Uncommons,binder,Hidetsugu's Second Rite,FDN,Foundations,202,normal,uncommon,1,100577,609421da-8d89-4365-b18b-778832d91482,1.36,false,false,near_mint,en,SEK,2026-07-23T14:38:36.049Z
Uncommons,binder,Strongbox Raider,FDN,Foundations,96,normal,uncommon,1,101006,b2223eb8-59f9-489b-a3f3-b6496218cb79,1.36,false,false,near_mint,en,SEK,2026-07-23T14:38:36.049Z
Uncommons,binder,Chart a Course,FDN,Foundations,586,normal,uncommon,1,100683,7599d459-fe71-48f4-8c65-0f519bb63a68,1.26,false,false,near_mint,en,SEK,2026-07-23T14:38:36.049Z
Uncommons,binder,Cloudblazer,FDN,Foundations,653,normal,uncommon,1,100959,a9c966ab-0d92-4fa7-8a91-1f77089d8fc7,1.26,false,false,near_mint,en,SEK,2026-07-23T14:38:36.049Z
Uncommons,binder,Dryad Militant,FDN,Foundations,656,normal,uncommon,1,100819,8fb36712-26e9-4ec7-8946-626bb7094c15,1.26,false,false,near_mint,en,SEK,2026-07-23T14:38:36.049Z
Uncommons,binder,Enigma Drake,FDN,Foundations,657,normal,uncommon,1,100173,13ce1338-5a46-4d96-a991-d5fa8d4330ae,1.26,false,false,near_mint,en,SEK,2026-07-23T14:38:36.049Z
Uncommons,binder,Fog Bank,FDN,Foundations,591,normal,uncommon,1,100192,18748b1d-4161-482c-a726-8762b4c1819c,1.26,false,false,near_mint,en,SEK,2026-07-23T14:38:36.049Z
Uncommons,binder,Hoarding Dragon,FDN,Foundations,626,normal,uncommon,1,101101,c3a35b3b-0c92-4b40-8210-86a5b5f275eb,1.26,false,false,near_mint,en,SEK,2026-07-23T14:38:36.049Z
Uncommons,binder,Knight of Grace,FDN,Foundations,576,normal,uncommon,1,100487,4efb8633-0a70-4ddc-80af-42508ec75cff,1.26,false,false,near_mint,en,SEK,2026-07-23T14:38:36.049Z
Uncommons,binder,Mold Adder,FDN,Foundations,640,normal,uncommon,1,100453,48d665cd-a2c6-4b81-8032-379e476b5ea5,1.26,false,false,near_mint,en,SEK,2026-07-23T14:38:36.049Z
Uncommons,binder,Obliterating Bolt,FDN,Foundations,629,normal,uncommon,1,101185,d59e836b-1c7b-43ac-889b-5f94e1638c42,1.26,false,false,near_mint,en,SEK,2026-07-23T14:38:36.049Z
Uncommons,binder,Confiscate,FDN,Foundations,709,foil,uncommon,1,100956,a98a1553-e5f3-4c9c-833d-579e82e1708f,1.16,false,false,near_mint,en,SEK,2026-07-23T14:38:36.049Z
Uncommons,binder,Deathmark,FDN,Foundations,601,normal,uncommon,1,100423,42592d75-593e-4719-b13b-bca374017e79,1.16,false,false,near_mint,en,SEK,2026-07-23T14:38:36.049Z
Uncommons,binder,Flashfreeze,FDN,Foundations,590,normal,uncommon,1,100831,91e37a7e-6093-4ef5-b6e4-4aa800ddfc1b,1.16,false,false,near_mint,en,SEK,2026-07-23T14:38:36.049Z
Uncommons,binder,"Garna, Bloodfist of Keld",FDN,Foundations,658,normal,uncommon,1,100559,5d7fcd03-fffe-467a-88a5-e583e32afd7a,1.16,false,false,near_mint,en,SEK,2026-07-23T14:38:36.049Z
Uncommons,binder,Gatekeeper of Malakir,FDN,Foundations,713,foil,uncommon,1,100306,2cd61c12-f5e2-4698-9080-097679754f16,1.16,false,false,near_mint,en,SEK,2026-07-23T14:38:36.049Z
Uncommons,binder,Gateway Sneak,FDN,Foundations,592,normal,uncommon,1,100366,3834176f-29c5-4511-87d6-75d0c348a770,1.16,false,false,near_mint,en,SEK,2026-07-23T14:38:36.049Z
Uncommons,binder,Pelakka Wurm,FDN,Foundations,720,foil,uncommon,1,101378,fa150070-80b6-453d-b00f-4462175cac79,1.16,false,false,near_mint,en,SEK,2026-07-23T14:38:36.049Z
Uncommons,binder,Shipwreck Dowser,FDN,Foundations,596,normal,uncommon,1,100230,1f20fe3d-792a-4030-a25c-e81b48b2bcb4,1.16,false,false,near_mint,en,SEK,2026-07-23T14:38:36.049Z
Uncommons,binder,Unflinching Courage,FDN,Foundations,722,foil,uncommon,1,100913,a1201875-b3d8-4f95-801e-bf18ee77919b,1.16,false,false,near_mint,en,SEK,2026-07-23T14:38:36.049Z
Uncommons,binder,Dawnwing Marshal,FDN,Foundations,570,normal,uncommon,1,100741,807db84f-addb-4ef0-b9ba-32b3e1bced3d,1.07,false,false,near_mint,en,SEK,2026-07-23T14:38:36.049Z
Uncommons,binder,Gate Colossus,FDN,Foundations,675,normal,uncommon,1,101068,bc49d9cb-8c7a-4a8f-96ea-bbe6ade8ae00,1.07,false,false,near_mint,en,SEK,2026-07-23T14:38:36.049Z
Uncommons,binder,Mystical Teachings,FDN,Foundations,594,normal,uncommon,1,100407,3f88eacf-5c7b-4a35-86f0-af3b0516d4c2,1.07,false,false,near_mint,en,SEK,2026-07-23T14:38:36.049Z
Uncommons,binder,"Syr Alin, the Lion's Claw",FDN,Foundations,582,normal,uncommon,1,100556,5d42be5f-a6a7-4699-abf7-9632de6daede,1.07,false,false,near_mint,en,SEK,2026-07-23T14:38:36.049Z
Uncommons,binder,Teach by Example,FDN,Foundations,666,normal,uncommon,1,100498,516baae5-f7bf-4a90-a80d-192ff19dbae5,1.07,false,false,near_mint,en,SEK,2026-07-23T14:38:36.049Z
Uncommons,binder,Valorous Stance,FDN,Foundations,583,normal,uncommon,1,101069,bc4c47e3-04b6-4760-9a80-b6acef1e4524,1.07,false,false,near_mint,en,SEK,2026-07-23T14:38:36.049Z
Uncommons,binder,Venom Connoisseur,FDN,Foundations,648,normal,uncommon,1,100824,90f8d876-3697-4359-9f2b-6053682b556c,1.07,false,false,near_mint,en,SEK,2026-07-23T14:38:36.049Z
Uncommons,binder,Knight of Malice,FDN,Foundations,608,normal,uncommon,1,101061,bb678e10-e5a4-4143-8e49-7b523118674e,0.97,false,false,near_mint,en,SEK,2026-07-23T14:38:36.049Z
Uncommons,binder,Stasis Snare,FDN,Foundations,581,normal,uncommon,2,101147,ce41e348-44c2-47f8-8e7d-da2e4d16d648,0.97,false,false,near_mint,en,SEK,2026-07-23T14:38:36.049Z
Uncommons,binder,Giant Cindermaw,FDN,Foundations,624,normal,uncommon,1,101190,d65f5298-0e57-49cf-aaf5-2bb16f3e636c,0.87,false,false,near_mint,en,SEK,2026-07-23T14:38:36.049Z
Uncommons,binder,Gnarlback Rhino,FDN,Foundations,638,normal,uncommon,1,100639,6b638f3d-7eb6-4675-9538-4a87a7f75c43,0.87,false,false,near_mint,en,SEK,2026-07-23T14:38:36.049Z
Uncommons,binder,Trygon Predator,FDN,Foundations,667,normal,uncommon,1,101144,cdb88a22-8086-4bf7-89e8-cce929440dd8,0.87,false,false,near_mint,en,SEK,2026-07-23T14:38:36.049Z
Uncommons,binder,Mindsparker,FDN,Foundations,628,normal,uncommon,1,100469,4c8b3e58-be07-451e-a5c7-61c70cc3a5a2,0.78,false,false,near_mint,en,SEK,2026-07-23T14:38:36.049Z
Uncommons,binder,Seismic Rupture,FDN,Foundations,205,normal,uncommon,1,100268,2519a51a-26a0-4884-9ba8-9db135c9ee49,0.78,false,false,near_mint,en,SEK,2026-07-23T14:38:36.049Z
Uncommons,binder,Sorcerous Spyglass,FDN,Foundations,679,normal,uncommon,1,100166,0f99356b-eed0-4d92-818b-80754bcb75f3,0.78,false,false,near_mint,en,SEK,2026-07-23T14:38:36.049Z
Uncommons,binder,Ravenous Giant,FDN,Foundations,630,normal,uncommon,1,100108,050b70c4-9086-4db4-8e65-f9bb5f67cf1b,0.48,false,false,near_mint,en,SEK,2026-07-23T14:38:36.049Z
Uncommons,binder,Snakeskin Veil,FDN,Foundations,233,normal,uncommon,2,100645,6cc4c21d-9bdc-4490-9203-17f51db0ddd1,3.0,false,false,near_mint,en,SEK,2026-07-04T13:01:34.096Z
Uncommons,binder,Fiendish Panda,FDN,Foundations,120,normal,uncommon,2,100483,4e434d74-cad0-45f5-bc8d-f34aa5e1d879,1.89,false,false,near_mint,en,SEK,2026-07-04T13:01:34.097Z
Uncommons,binder,Zombify,FDN,Foundations,187,normal,uncommon,2,101225,dc798e6f-13c4-457c-b052-b7b65bc83cfe,2.66,false,false,near_mint,en,SEK,2026-07-04T14:29:24.077Z
Uncommons,binder,Reclamation Sage,FDN,Foundations,231,foil,uncommon,1,100197,1918ea65-ab7f-4d40-97fd-a656c892a2a1,3.1,false,false,near_mint,en,SEK,2026-07-23T19:35:13.496Z
Uncommons,binder,Grappling Kraken,FDN,Foundations,39,normal,uncommon,1,101165,d1f5cab3-3fc0-448d-8252-cd55abf5b596,3.01,false,false,near_mint,en,SEK,2026-07-23T19:35:13.494Z
Uncommons,binder,"Balmor, Battlemage Captain",FDN,Foundations,237,normal,uncommon,1,100142,0b45ab13-9bb6-48af-8b37-d97b25801ac8,2.81,false,false,near_mint,en,SEK,2026-07-23T19:35:13.492Z
Uncommons,binder,Frenzied Goblin,FDN,Foundations,199,normal,uncommon,1,101602,d5592573-2889-40b1-b1d5-c2802482549a,2.13,false,false,near_mint,en,SEK,2026-07-23T19:35:13.491Z
Uncommons,binder,Clinquant Skymage,FDN,Foundations,33,foil,uncommon,1,100357,36012810-0e83-4640-8ba7-7262229f1b84,3.3,false,false,near_mint,en,SEK,2026-07-23T19:35:13.482Z
Uncommons,binder,Secluded Courtyard,FDN,Foundations,267,normal,uncommon,1,101161,d13373d2-139b-48c7-a8c9-828cefc4f150,2.91,false,false,near_mint,en,SEK,2026-07-23T19:35:13.479Z
Uncommons,binder,Fiery Annihilation,FDN,Foundations,86,normal,uncommon,1,100523,54fe00aa-d284-48f9-b5a2-1bd4c5fa8e58,2.81,false,false,near_mint,en,SEK,2026-07-23T19:35:13.478Z
Uncommons,binder,Phyrexian Reclamation,TDC,Tarkir: Dragonstorm Commander,194,normal,uncommon,1,104454,10c09b68-1d92-42da-8d4d-0d60453a6aa7,23.66,false,false,near_mint,en,SEK,2026-07-23T19:48:08.097Z
Uncommons,binder,Ravenous Chupacabra,MKC,Murders at Karlov Manor Commander,136,normal,uncommon,1,90476,a4dfbac0-1849-41c5-853a-1fee108d0b01,17.16,false,false,near_mint,en,SEK,2026-07-23T19:48:08.097Z
Uncommons,binder,Victimize,TDC,Tarkir: Dragonstorm Commander,198,normal,uncommon,1,105036,ee008d81-df28-49a8-917d-44f66527e469,16.39,false,false,near_mint,en,SEK,2026-07-23T19:48:08.097Z
Uncommons,binder,"Syr Konrad, the Grim",DSC,Duskmourn: House of Horror Commander,158,normal,uncommon,1,99128,443a4eac-f972-4027-aed4-552d4edc2ce1,11.73,false,false,near_mint,en,SEK,2026-07-23T19:48:08.097Z
Uncommons,binder,Elixir of Immortality,C21,Commander 2021,243,normal,uncommon,1,58798,6741ab27-9e1f-4aa5-96b9-b450eda7c5c2,8.73,false,false,near_mint,en,SEK,2026-07-23T19:48:08.097Z
Uncommons,binder,Bastion of Remembrance,TDC,Tarkir: Dragonstorm Commander,171,normal,uncommon,1,104835,9d0c6077-f84c-4e91-87dc-b0ac81d557f8,3.68,false,false,near_mint,en,SEK,2026-07-23T19:48:08.097Z
Uncommons,binder,Bloodthirsty Aerialist,C21,Commander 2021,136,normal,uncommon,1,58771,378b2e55-e383-408e-af57-072e47cea779,3.59,false,false,near_mint,en,SEK,2026-07-23T19:48:08.097Z
Uncommons,binder,Morbid Opportunist,FIC,Final Fantasy Commander,278,normal,uncommon,1,105906,44b14a83-ba66-4c94-8b67-ebe577024532,3.49,false,false,near_mint,en,SEK,2026-07-23T19:48:08.097Z
Uncommons,binder,Gifted Aetherborn,AER,Aether Revolt,61,normal,uncommon,1,6353,abceb4fd-e3c5-400d-af7a-6dd17108a4b4,3.3,false,false,near_mint,en,SEK,2026-07-23T19:48:08.097Z
Uncommons,binder,The Eldest Reborn,DSC,Duskmourn: House of Horror Commander,139,normal,uncommon,1,99145,4d29351e-5608-40e8-8220-6c9635d48ad4,3.3,false,false,near_mint,en,SEK,2026-07-23T19:48:08.097Z
Uncommons,binder,Thran Vigil,BRO,The Brothers' War,114,normal,uncommon,1,75406,3faed400-0712-4fc1-b710-144db40a5e11,3.2,false,false,near_mint,en,SEK,2026-07-23T19:48:08.097Z
Uncommons,binder,Umbral Collar Zealot,SOC,Secrets of Strixhaven Commander,227,normal,uncommon,1,112043,98648b8a-2cf0-4c10-ab13-c88b2e03fc15,3.2,false,false,near_mint,en,SEK,2026-07-23T19:48:08.097Z
Uncommons,binder,Consuming Corruption,MH3,Modern Horizons 3,84,normal,uncommon,1,94540,9068b3a4-9130-42d8-a26b-52010b7daa8b,3.01,false,false,near_mint,en,SEK,2026-07-23T19:48:08.097Z
Uncommons,binder,Drag to the Underworld,THB,Theros Beyond Death,89,normal,uncommon,1,46973,91852444-9361-4588-a44f-fb90ba1b30e5,2.04,false,false,near_mint,en,SEK,2026-07-23T19:48:08.097Z
Uncommons,binder,Corrupt,DVD,Duel Decks Anthology: Divine vs. Demonic,55,normal,uncommon,1,12423,433d0737-bb61-4aa0-98e8-1bd2d86f03fd,1.84,false,false,near_mint,en,SEK,2026-07-23T19:48:08.097Z
Uncommons,binder,Nekrataal,EMA,Eternal Masters,99,normal,uncommon,1,8576,5b3a4f2a-57ea-4fa0-a76f-3e215a36d1f4,1.65,false,false,near_mint,en,SEK,2026-07-23T19:48:08.097Z
Uncommons,binder,Exsanguinate,FDN,Foundations,173,normal,uncommon,3,101330,f11d7311-4066-4a5d-ba28-9857fa707a0b,4.46,false,false,near_mint,en,SEK,2026-07-23T14:38:36.049Z
Uncommons,binder,"Tatyova, Benthic Druid",FDN,Foundations,247,normal,uncommon,2,101301,eabc978a-0666-472d-bdc6-d4b29d29eca4,3.1,false,false,near_mint,en,SEK,2026-07-23T14:38:36.049Z
Uncommons,binder,Hero's Downfall,FDN,Foundations,175,normal,uncommon,3,97185,ad2c01d9-8f54-46c0-9dc9-d4d4764ce1c9,2.52,false,false,near_mint,en,SEK,2026-07-23T14:38:36.049Z
Uncommons,binder,Savannah Lions,FDN,Foundations,146,normal,uncommon,2,97184,9c9ac1bc-cdf3-4fa6-8319-a7ea164e9e47,2.13,false,false,near_mint,en,SEK,2026-07-23T14:38:36.049Z
Uncommons,binder,Angel of Finality,FDN,Foundations,136,normal,uncommon,2,101057,baaabd52-3aa9-4e2f-9369-d4db8b405ba8,2.23,false,false,near_mint,en,SEK,2026-07-23T14:38:36.049Z
Uncommons,binder,Vampire Nighthawk,FDN,Foundations,186,normal,uncommon,2,101474,0a1934ab-3171-4fc6-8033-ad998899ba73,2.23,false,false,near_mint,en,SEK,2026-07-23T14:38:36.049Z
Uncommons,binder,Arbiter of Woe,FDN,Foundations,55,normal,uncommon,2,101008,b2496c4a-df03-4583-bd76-f98ed5cb61ee,2.23,false,false,near_mint,en,SEK,2026-07-23T14:38:36.049Z
Uncommons,binder,Diamond Mare,FDN,Foundations,672,normal,uncommon,2,100669,721463ad-9531-487f-bd82-5e638c4fc35f,1.84,false,false,near_mint,en,SEK,2026-07-23T14:38:36.049Z
Uncommons,binder,Clinquant Skymage,FDN,Foundations,33,normal,uncommon,2,100357,36012810-0e83-4640-8ba7-7262229f1b84,1.45,false,false,near_mint,en,SEK,2026-07-23T14:38:36.049Z
Uncommons,binder,Shadows of the Past,DDR,Duel Decks: Nissa vs. Ob Nixilis,60,normal,uncommon,2,7803,35139a18-28c7-4a8f-986a-47e909cc23eb,3.31,false,false,near_mint,en,SEK,2026-07-28T21:53:41.487Z
Uncommons,binder,Brushfire Elemental,ZNR,Zendikar Rising,311,normal,uncommon,1,54440,0d0954df-07f0-430d-90ee-d1fe40af546f,1.17,false,false,near_mint,en,SEK,2026-07-28T21:53:41.487Z
Uncommons,binder,Wee Dragonauts,GRN,Guilds of Ravnica,214,normal,uncommon,1,269,37ee17a1-76ce-4ae8-9109-ba32457cbeec,1.56,false,false,near_mint,en,SEK,2026-07-28T21:53:41.487Z
Uncommons,binder,Aerial Engineer,M19,Core Set 2019,211,normal,uncommon,1,1101,5314bae2-4930-4f8a-8a52-853bc3feb88f,0.49,false,false,near_mint,en,SEK,2026-07-28T21:53:41.487Z
Uncommons,binder,Cephalopod Sentry,ONE,Phyrexia: All Will Be One,198,normal,uncommon,1,78482,30c22eb9-5056-4c0b-a5d8-41e09161eb40,1.85,false,false,near_mint,en,SEK,2026-07-28T21:53:41.487Z
Uncommons,binder,Pharika's Mender,CN2,Conspiracy: Take the Crown,205,normal,uncommon,1,7892,5deaa491-d95b-481f-aa47-8e7219174cc5,2.63,false,false,near_mint,en,SEK,2026-07-28T21:53:41.487Z
Uncommons,binder,"Shessra, Death's Whisper",AFR,Adventures in the Forgotten Realms,231,normal,uncommon,1,60258,60ca5fef-af21-4e2b-9efa-61e08a638a1f,2.05,false,false,near_mint,en,SEK,2026-07-28T21:53:41.487Z
Uncommons,binder,"Farideh, Devil's Chosen",AFR,Adventures in the Forgotten Realms,221,normal,uncommon,1,60167,1b2ff142-029b-4446-960a-2ff200fb9aee,1.85,false,false,near_mint,en,SEK,2026-07-28T21:53:41.487Z
Uncommons,binder,"Hama Pashar, Ruin Seeker",AFR,Adventures in the Forgotten Realms,224,normal,uncommon,1,60227,47b8eb2e-73ac-4ad6-9ab6-4f8da7b41020,2.24,false,false,near_mint,en,SEK,2026-07-28T21:53:41.487Z
Uncommons,binder,"Kalain, Reclusive Painter",AFR,Adventures in the Forgotten Realms,225,normal,uncommon,1,60476,e45e9552-7737-4c61-89b0-5a3bec3c8f34,2.44,false,false,near_mint,en,SEK,2026-07-28T21:53:41.487Z
Uncommons,binder,Krydle of Baldur's Gate,AFR,Adventures in the Forgotten Realms,226,normal,uncommon,1,60292,75f4d622-2d50-4e6e-87a5-5a1cc65d6919,2.24,false,false,near_mint,en,SEK,2026-07-28T21:53:41.487Z
Uncommons,binder,Lazotep Chancellor,DRC,Aetherdrift Commander,117,normal,uncommon,1,103073,604d4c94-c73f-423b-8dc0-86a92674adf7,2.92,false,false,near_mint,en,SEK,2026-07-28T21:53:41.487Z
Uncommons,binder,Kragma Warcaller,THS,Theros,195,normal,uncommon,1,15469,78791fc6-054f-45eb-b8b0-28f2512d72b6,1.95,false,false,near_mint,en,SEK,2026-07-28T21:53:41.487Z
Uncommons,binder,Dark Withering,DMR,Dominaria Remastered,79,normal,uncommon,1,77955,6996d612-28a5-4515-baba-9aad65bf4b28,1.66,false,false,near_mint,en,SEK,2026-07-28T21:53:41.487Z
Uncommons,binder,Consecrated by Blood,ORI,Magic Origins,87,normal,uncommon,2,10855,3d896df9-f897-4786-b1a1-d2375e81c9ef,1.66,false,false,near_mint,en,SEK,2026-07-28T21:53:41.487Z
Uncommons,binder,Malakir Cullblade,ORI,Magic Origins,108,normal,uncommon,1,10834,70861692-1eb2-4cb1-8d7f-b881386c37d1,1.36,false,false,near_mint,en,SEK,2026-07-28T21:53:41.487Z
Uncommons,binder,Fleshbag Marauder,DRC,Aetherdrift Commander,92,normal,uncommon,1,103333,ea3ac95f-23ad-4b05-bfbd-5de667c78ddc,3.21,false,false,near_mint,en,SEK,2026-07-28T21:53:41.487Z
Uncommons,binder,Cruel Revival,ORI,Magic Origins,88,normal,uncommon,1,10854,a863ae27-a99a-4a60-ab07-25c1bacec64d,1.36,false,false,near_mint,en,SEK,2026-07-28T21:53:41.487Z
Uncommons,binder,Tormented Thoughts,ORI,Magic Origins,122,normal,uncommon,1,10820,6be2be08-5bad-4813-b6f3-45b564e10b2f,1.85,false,false,near_mint,en,SEK,2026-07-28T21:53:41.487Z
Uncommons,binder,Imperious Perfect,FDN,Foundations,719,foil,uncommon,1,100758,83b4a09f-ea53-42b4-a41a-4299192a6fd3,2.72,false,false,near_mint,en,SEK,2026-07-30T11:06:03.242Z
Uncommons,binder,Eyeblight Massacre,KHC,Kaldheim Commander,49,normal,uncommon,1,57178,00652c09-c50c-40da-8f0f-86b5cc3f6c26,1.85,false,false,near_mint,en,SEK,2026-07-30T11:06:44.171Z
Commons,binder,Forest,TMT,Teenage Mutant Ninja Turtles,195,normal,common,1,111256,6194850b-d70a-4f3e-be3e-bfb23ce1170b,2.4,false,false,near_mint,en,SEK,2026-06-30T20:45:15.812Z
Commons,binder,Forest,TMT,Teenage Mutant Ninja Turtles,257,foil,common,1,109275,2f60db2d-7594-43af-8554-ba54e9023306,7.19,false,false,near_mint,en,SEK,2026-06-30T20:45:15.808Z
Commons,binder,Swamp,TMT,Teenage Mutant Ninja Turtles,255,foil,common,1,109274,20f26dde-d1a3-4d0f-9ed9-cfcd9e4ce01e,6.61,false,false,near_mint,en,SEK,2026-06-30T20:45:15.805Z
Commons,binder,Plains,TMT,Teenage Mutant Ninja Turtles,253,foil,common,1,109303,ec9ecf19-9f9d-4642-ac70-ddc08fad7e17,4.03,false,false,near_mint,en,SEK,2026-06-30T20:45:15.804Z
Commons,binder,Plains,TMT,Teenage Mutant Ninja Turtles,191,foil,common,1,111192,1b405611-27d4-435a-8e8e-6d528626fd27,3.45,false,false,near_mint,en,SEK,2026-06-30T20:45:15.801Z
Commons,binder,Plains,VOW,Innistrad: Crimson Vow,269,normal,common,1,64141,2b069f97-735a-4d85-8504-b5a863bd659b,3.83,false,false,near_mint,en,SEK,2026-06-30T20:45:15.800Z
Commons,binder,Slithering Cryptid,TMT,Teenage Mutant Ninja Turtles,168,normal,common,1,111476,6d35cb39-8832-4cf1-be73-8de49fbea529,0.86,false,false,near_mint,en,SEK,2026-06-30T20:45:15.799Z
Commons,binder,Foot Ninjas,TMT,Teenage Mutant Ninja Turtles,147,normal,common,1,111506,abb1ab9c-b067-4b75-8e5b-a893b7948df1,1.53,false,false,near_mint,en,SEK,2026-06-30T20:45:15.798Z
Commons,binder,Mouser Mark III,TMT,Teenage Mutant Ninja Turtles,159,foil,common,1,111469,608a13b4-0b94-4be5-ac4b-e939901e8419,1.44,false,false,near_mint,en,SEK,2026-06-30T20:45:15.797Z
Commons,binder,Mind Transfer Protocol,TMT,Teenage Mutant Ninja Turtles,45,normal,common,1,111447,2ddfcc4d-dd5f-42f1-8f33-a8e8b5354534,0.48,false,false,near_mint,en,SEK,2026-06-30T20:45:15.796Z
Commons,binder,Grounded for Life,TMT,Teenage Mutant Ninja Turtles,7,normal,common,1,111479,72388199-85fa-4eba-9a9c-c2904e6da9ed,1.15,false,false,near_mint,en,SEK,2026-06-30T20:45:15.795Z
Commons,binder,East Wind Avatar,TMT,Teenage Mutant Ninja Turtles,5,normal,common,1,111516,c9d5b56c-ad2a-4958-8783-4eceb8733610,0.48,false,false,near_mint,en,SEK,2026-06-30T20:45:15.794Z
Commons,binder,Hamato Guardian Stance,TMT,Teenage Mutant Ninja Turtles,8,normal,common,1,111480,735b540b-b472-46fa-a232-d444cabf6c4c,0.96,false,false,near_mint,en,SEK,2026-06-30T20:45:15.793Z
Commons,binder,Cowabunga!,TMT,Teenage Mutant Ninja Turtles,113,normal,common,1,111183,0ffce972-bed9-445a-a9a0-4816f156d88d,2.01,false,false,near_mint,en,SEK,2026-06-30T20:45:15.789Z
Commons,binder,Make Your Move,TMT,Teenage Mutant Ninja Turtles,20,normal,common,1,111537,ed8bdd98-6377-40cf-b381-cee38b1bda2a,2.4,false,false,near_mint,en,SEK,2026-06-30T20:45:15.787Z
Commons,binder,"Leonardo, Big Brother",TMT,Teenage Mutant Ninja Turtles,14,normal,common,1,111534,e802838f-cc8c-4313-8c3b-32a6a7248e64,1.73,false,false,near_mint,en,SEK,2026-06-30T20:45:15.786Z
Commons,binder,High-Flying Ace,TMT,Teenage Mutant Ninja Turtles,9,normal,common,1,111535,e927eb0b-1c69-421a-8acd-01e92f729ffb,0.77,false,false,near_mint,en,SEK,2026-06-30T20:45:15.785Z
Commons,binder,"Michelangelo, Game Master",TMT,Teenage Mutant Ninja Turtles,118,normal,common,1,111448,2e914c3d-2eed-48bf-af9a-a8998fd5111d,1.63,false,false,near_mint,en,SEK,2026-06-30T20:45:15.784Z
Commons,binder,Uneasy Alliance,TMT,Teenage Mutant Ninja Turtles,28,normal,common,1,111575,5d9a4f9a-1e3a-4de8-a7c0-7158c6703b4e,1.05,false,false,near_mint,en,SEK,2026-06-30T20:45:15.783Z
Commons,binder,Punk Frogs,TMT,Teenage Mutant Ninja Turtles,164,normal,common,1,111561,375c91a3-53c4-4f2d-bf7b-2c79a219d3ae,1.73,false,false,near_mint,en,SEK,2026-06-30T20:45:15.781Z
Commons,binder,Mutant Chain Reaction,TMT,Teenage Mutant Ninja Turtles,125,normal,common,1,111297,8763e0ee-a48e-424f-8bce-132582d5944b,1.34,false,false,near_mint,en,SEK,2026-06-30T20:45:15.780Z
Commons,binder,Guac & Marshmallow Pizza,TMT,Teenage Mutant Ninja Turtles,116,normal,common,1,111500,a5405de0-16c9-4e5a-8ceb-00508e212f12,2.49,false,false,near_mint,en,SEK,2026-06-30T20:45:15.779Z
Commons,binder,Guac & Marshmallow Pizza,TMT,Teenage Mutant Ninja Turtles,116,foil,common,1,111500,a5405de0-16c9-4e5a-8ceb-00508e212f12,2.59,false,false,near_mint,en,SEK,2026-06-30T20:45:15.778Z
Commons,binder,Primordial Pachyderm,TMT,Teenage Mutant Ninja Turtles,129,foil,common,1,111531,e1a866e6-4108-4290-9680-8f1652fbcf77,2.01,false,false,near_mint,en,SEK,2026-06-30T20:45:15.777Z
Commons,binder,Primordial Pachyderm,TMT,Teenage Mutant Ninja Turtles,129,normal,common,2,111531,e1a866e6-4108-4290-9680-8f1652fbcf77,1.53,false,false,near_mint,en,SEK,2026-06-30T20:45:15.776Z
Commons,binder,Tenderize,TMT,Teenage Mutant Ninja Turtles,133,normal,common,2,111511,bc19807b-09e8-4923-abc3-d4bbe8cde5fc,1.05,false,false,near_mint,en,SEK,2026-06-30T20:45:15.775Z
Commons,binder,Zoo Escapees,TMT,Teenage Mutant Ninja Turtles,138,normal,common,2,111542,f57ba8ff-2f8c-4ca1-9b13-42a7cc213e99,1.05,false,false,near_mint,en,SEK,2026-06-30T20:45:15.774Z
Commons,binder,Ragamuffin Raptor,TMT,Teenage Mutant Ninja Turtles,130,normal,common,2,111449,2edc1d40-3154-4ec0-88c7-faf35fd5e560,1.34,false,false,near_mint,en,SEK,2026-06-30T20:45:15.773Z
Commons,binder,Illegitimate Business,TMT,Teenage Mutant Ninja Turtles,186,foil,common,1,111583,71597acf-1ce6-46a8-b6c0-88755c8a377c,2.78,false,false,near_mint,en,SEK,2026-06-30T20:45:15.771Z
Commons,binder,Ice Cream Kitty,TMT,Teenage Mutant Ninja Turtles,150,normal,common,1,111579,66081fd3-2457-4602-96c4-3075ddfec1c2,1.92,false,false,near_mint,en,SEK,2026-06-30T20:45:15.770Z
Commons,binder,Foot Elite,TMT,Teenage Mutant Ninja Turtles,146,normal,common,2,111198,24bd571e-652a-4e7c-afc6-a45f0ccf62f6,1.53,false,false,near_mint,en,SEK,2026-06-30T20:45:15.764Z
Commons,binder,Plains,TMT,Teenage Mutant Ninja Turtles,191,normal,common,2,111192,1b405611-27d4-435a-8e8e-6d528626fd27,2.49,false,false,near_mint,en,SEK,2026-06-30T20:45:15.802Z
Commons,binder,Forest,TMT,Teenage Mutant Ninja Turtles,257,normal,common,5,109275,2f60db2d-7594-43af-8554-ba54e9023306,5.85,false,false,near_mint,en,SEK,2026-06-30T20:45:15.806Z
Commons,binder,Plains,TMT,Teenage Mutant Ninja Turtles,253,normal,common,5,109303,ec9ecf19-9f9d-4642-ac70-ddc08fad7e17,3.26,false,false,near_mint,en,SEK,2026-06-30T20:45:15.813Z
Commons,binder,Risky Research,SPM,Marvel's Spider-Man,62,normal,common,1,107617,1f8aa705-6177-42e9-95cb-e7f880c186e3,1.63,false,false,near_mint,en,SEK,2026-06-30T20:46:24.862Z
Commons,binder,Mob Lookout,SPM,Marvel's Spider-Man,136,normal,common,1,108585,e0e3b660-d391-454b-ba57-bff4ddcf27b7,1.34,false,false,near_mint,en,SEK,2026-06-30T20:46:24.860Z
Commons,binder,Bagel and Schmear,SPM,Marvel's Spider-Man,161,normal,common,1,108544,7f927f72-fc9b-444f-9e0e-78a5e8e7bcaa,1.44,false,false,near_mint,en,SEK,2026-06-30T20:46:24.858Z
Commons,binder,Savage Mansion,SPM,Marvel's Spider-Man,183,normal,common,1,108647,855f59a5-17a8-4aca-8a4d-f98111eba14c,1.34,false,false,near_mint,en,SEK,2026-06-30T20:46:24.857Z
Commons,binder,"Doc Ock, Sinister Scientist",SPM,Marvel's Spider-Man,29,normal,common,1,107678,de16ad65-c8c3-48c0-9d13-5af91b4e6f01,1.92,false,false,near_mint,en,SEK,2026-06-30T20:46:24.855Z
Commons,binder,Thwip!,SPM,Marvel's Spider-Man,20,normal,common,1,107666,b2dac88e-1204-4640-94ce-e1aff434ea06,1.44,false,false,near_mint,en,SEK,2026-06-30T20:46:24.854Z
Commons,binder,Stegron the Dinosaur Man,SPM,Marvel's Spider-Man,95,normal,common,1,107631,485ceacb-fa76-4517-8466-c3c6bf6bcd6e,1.25,false,false,near_mint,en,SEK,2026-06-30T20:46:24.853Z
Commons,binder,Grow Extra Arms,SPM,Marvel's Spider-Man,101,normal,common,1,107640,63fab399-00db-4398-922e-c3ca3356731a,1.25,false,false,near_mint,en,SEK,2026-06-30T20:46:24.852Z
Commons,binder,Venomized Cat,SPM,Marvel's Spider-Man,72,normal,common,1,108527,6330f3e9-e031-4d55-b5d8-536c16bba063,1.53,false,false,near_mint,en,SEK,2026-06-30T20:46:24.851Z
Commons,binder,Thriving Heath,TLE,Avatar: The Last Airbender Eternal,262,normal,common,1,108171,202ae1e5-df13-4a6f-9202-6a2573809f73,1.44,false,false,near_mint,en,SEK,2026-06-30T21:07:42.757Z
Commons,binder,Airbending Lesson,TLA,Avatar: The Last Airbender,8,normal,common,1,108292,e2bcd0a6-e94d-4a21-a334-a57459c1b8cc,2.11,false,false,near_mint,en,SEK,2026-06-30T21:07:42.756Z
Commons,binder,Rabaroo Troop,TLA,Avatar: The Last Airbender,32,normal,common,1,108219,62a983b4-ac73-4949-9317-05a75a8ce164,0.86,false,false,near_mint,en,SEK,2026-06-30T21:07:42.752Z
Commons,binder,Avatar Enthusiasts,TLA,Avatar: The Last Airbender,11,normal,common,1,108124,7292e5f2-d5a1-4e39-8f75-eba471819f04,1.34,false,false,near_mint,en,SEK,2026-06-30T21:07:42.748Z
Commons,binder,Glider Kids,TLA,Avatar: The Last Airbender,21,normal,common,1,108154,0613afb5-4cee-4132-8adf-404767ed8d07,0.67,false,false,near_mint,en,SEK,2026-06-30T21:07:42.747Z
Commons,binder,Jeong Jeong's Deserters,TLA,Avatar: The Last Airbender,25,normal,common,1,108152,060966f9-5e56-4512-9ef3-2b216daf093c,0.77,false,false,near_mint,en,SEK,2026-06-30T21:07:42.746Z
Commons,binder,Kyoshi Warrior Guard,TLE,Avatar: The Last Airbender Eternal,216,normal,common,1,108231,7a2acb28-c0e2-492b-a227-ef49e905e0fb,1.05,false,false,near_mint,en,SEK,2026-06-30T21:07:42.745Z
Commons,binder,Pillar Launch,TLA,Avatar: The Last Airbender,189,normal,common,1,108303,f177e9cc-0c41-417d-9215-5ff23a1a0657,1.73,false,false,near_mint,en,SEK,2026-06-30T21:07:42.741Z
Commons,binder,Explore,TLE,Avatar: The Last Airbender Eternal,259,normal,common,1,108261,ab9dbf0b-2c1d-463c-b675-ff711c282e56,2.2,false,false,near_mint,en,SEK,2026-06-30T21:07:42.740Z
Commons,binder,Rocky Rebuke,TLA,Avatar: The Last Airbender,193,normal,common,1,108211,52fd910f-6d42-41f5-a4be-f375aa254ea2,1.25,false,false,near_mint,en,SEK,2026-06-30T21:07:42.739Z
Commons,binder,Badgermole,TLA,Avatar: The Last Airbender,166,normal,common,1,108260,aabbd420-b7fc-496f-9168-bad823d51d9e,1.44,false,false,near_mint,en,SEK,2026-06-30T21:07:42.737Z
Commons,binder,Earthbending Lesson,TLA,Avatar: The Last Airbender,176,normal,common,1,108142,eccd63b3-3a3a-4661-9d6e-fb8152429bdb,1.82,false,false,near_mint,en,SEK,2026-06-30T21:07:42.736Z
Commons,binder,Earth Kingdom Soldier,TLA,Avatar: The Last Airbender,216,normal,common,1,108180,2d543d35-945a-4ffa-beb7-7c5d4f894f79,0.77,false,false,near_mint,en,SEK,2026-06-30T21:07:42.735Z
Commons,binder,Rebellious Captives,TLA,Avatar: The Last Airbender,191,normal,common,1,108293,e64a4a8b-323c-4c8b-92af-1a3295799e65,1.05,false,false,near_mint,en,SEK,2026-06-30T21:07:42.731Z
Commons,binder,Raucous Audience,TLA,Avatar: The Last Airbender,190,normal,common,1,108279,ccd03ec3-0fae-48b2-9f04-9c57d2f94267,1.73,false,false,near_mint,en,SEK,2026-06-30T21:07:42.726Z
Commons,binder,Saber-Tooth Moose-Lion,TLA,Avatar: The Last Airbender,194,normal,common,1,108266,b15f302d-c451-4e79-a5af-75ee3ba4cadf,1.44,false,false,near_mint,en,SEK,2026-06-30T21:07:42.723Z
Commons,binder,Ostrich-Horse,TLA,Avatar: The Last Airbender,188,normal,common,1,108215,5ca3fd45-9301-44ef-afc0-4d7999d66d36,0.86,false,false,near_mint,en,SEK,2026-06-30T21:07:42.720Z
Commons,binder,Hippo-Cows,TLE,Avatar: The Last Airbender Eternal,252,normal,common,1,108176,24ca6ca8-e239-4fe5-8711-24098b74e2fe,0.96,false,false,near_mint,en,SEK,2026-06-30T21:07:42.719Z
Commons,binder,Frog-Squirrels,TLE,Avatar: The Last Airbender Eternal,251,normal,common,1,108227,73f4c4b7-5c05-48a5-adb2-ca850df8cd03,2.4,false,false,near_mint,en,SEK,2026-06-30T21:07:42.717Z
Commons,binder,Turtle-Duck,TLA,Avatar: The Last Airbender,200,normal,common,1,108264,aefcd734-3916-4c77-9d98-3ea2c2795658,0.96,false,false,near_mint,en,SEK,2026-06-30T21:07:42.715Z
Commons,binder,Azula Always Lies,TLA,Avatar: The Last Airbender,84,normal,common,1,108194,416b9207-a2af-44d1-9b87-4943f6e46d42,1.44,false,false,near_mint,en,SEK,2026-06-30T21:07:42.705Z
Commons,binder,Hog-Monkey,TLA,Avatar: The Last Airbender,104,normal,common,1,108206,4f442970-5355-4abf-8684-17daaa8e469b,1.25,false,false,near_mint,en,SEK,2026-06-30T21:07:42.704Z
Commons,binder,Gilacorn,TLE,Avatar: The Last Airbender Eternal,231,normal,common,1,108270,b7f90eef-2393-4e44-9895-00489d3eaa92,1.05,false,false,near_mint,en,SEK,2026-06-30T21:07:42.700Z
Commons,binder,Feed the Swarm,TLE,Avatar: The Last Airbender Eternal,257,normal,common,1,108172,2246c098-1071-4cc3-a60a-802406e2827b,1.82,false,false,near_mint,en,SEK,2026-06-30T21:07:42.697Z
Commons,binder,Elephant-Rat,TLE,Avatar: The Last Airbender Eternal,228,normal,common,1,108150,0568f28f-e830-4a7a-91d3-43e78bb86c8f,1.44,false,false,near_mint,en,SEK,2026-06-30T21:07:42.692Z
Commons,binder,Beetle-Headed Merchants,TLA,Avatar: The Last Airbender,86,normal,common,1,108273,c2eed79f-38c1-4aac-9525-d54cb114f17f,0.86,false,false,near_mint,en,SEK,2026-06-30T21:07:42.682Z
Commons,binder,Fire Nation Ambushers,TLE,Avatar: The Last Airbender Eternal,229,normal,common,1,108254,a20aaa6c-7032-43c1-9e7c-57cf8c8ecfd4,1.05,false,false,near_mint,en,SEK,2026-06-30T21:07:42.679Z
Commons,binder,Pretending Poxbearers,TLA,Avatar: The Last Airbender,237,normal,common,1,108282,d1af91a5-8681-4a05-910d-96f7a819bfaa,1.25,false,false,near_mint,en,SEK,2026-06-30T21:07:42.678Z
Commons,binder,Merchant of Many Hats,TLA,Avatar: The Last Airbender,110,normal,common,1,108229,752ffa24-93b6-4b33-bf10-7222357ac472,0.86,false,false,near_mint,en,SEK,2026-06-30T21:07:42.677Z
Commons,binder,Corrupt Court Official,TLA,Avatar: The Last Airbender,92,normal,common,1,108198,4692610e-d64c-438e-b5ad-0cf67fd57f1f,0.86,false,false,near_mint,en,SEK,2026-06-30T21:07:42.676Z
Commons,binder,Purple Pentapus,TLE,Avatar: The Last Airbender Eternal,233,normal,common,1,108274,c3ec1b6e-2f63-4b84-a101-8764c3e6d0f2,1.15,false,false,near_mint,en,SEK,2026-06-30T21:07:42.675Z
Commons,binder,Dai Li Indoctrination,TLA,Avatar: The Last Airbender,93,normal,common,2,108299,eca652b8-44f1-4bd9-b4bf-036eeead13aa,1.53,false,false,near_mint,en,SEK,2026-06-30T21:07:42.686Z
Commons,binder,Thriving Moor,TLE,Avatar: The Last Airbender Eternal,264,normal,common,2,108210,528531e8-4574-4dd5-aa4e-d31ce0f4eb5c,1.44,false,false,near_mint,en,SEK,2026-06-30T21:07:42.687Z
Commons,binder,Swamp,TLA,Avatar: The Last Airbender,284,normal,common,14,108302,f0b234d8-d6bb-48ec-8a4d-d8a570a69c62,0.96,false,false,near_mint,en,SEK,2026-06-30T21:07:42.688Z
Commons,binder,Earth Village Ruffians,TLA,Avatar: The Last Airbender,219,normal,common,2,108212,56d4e0b7-232f-4953-84a3-e6f17781aa45,0.48,false,false,near_mint,en,SEK,2026-06-30T21:07:42.694Z
Commons,binder,Forest,TLA,Avatar: The Last Airbender,286,normal,common,15,108256,a305e44f-4253-4754-b83f-1e34103d77b0,1.53,false,false,near_mint,en,SEK,2026-06-30T21:07:42.712Z
Commons,binder,Thriving Grove,TLE,Avatar: The Last Airbender Eternal,261,normal,common,2,108203,4ba5e3b0-98df-40cc-96a3-0a87c3d39b99,1.05,false,false,near_mint,en,SEK,2026-06-30T21:07:42.729Z
Commons,binder,Mechanical Glider,TLE,Avatar: The Last Airbender Eternal,256,normal,common,2,108253,9deda16b-ce26-4228-9bc2-28b7358d3f7c,1.15,false,false,near_mint,en,SEK,2026-06-30T21:07:42.730Z
Commons,binder,Thriving Isle,TLE,Avatar: The Last Airbender Eternal,263,normal,common,2,108247,94f93e5f-dba0-4079-8e6a-dd5d6fe6afa4,1.53,false,false,near_mint,en,SEK,2026-06-30T21:14:04.226Z
Commons,binder,Cat-Owl,TLA,Avatar: The Last Airbender,212,normal,common,1,108285,d7df3391-dbe5-4eb4-85c1-037c5f3ea971,1.25,false,false,near_mint,en,SEK,2026-06-30T21:14:04.224Z
Commons,binder,It'll Quench Ya!,TLA,Avatar: The Last Airbender,58,normal,common,1,108199,47c25e41-f43c-4447-81b5-b9631448bd29,2.59,false,false,near_mint,en,SEK,2026-06-30T21:14:04.222Z
Commons,binder,Island,TLA,Avatar: The Last Airbender,283,normal,common,12,108255,a2e22347-f0cb-4cfd-88a3-4f46a16e4946,1.15,false,false,near_mint,en,SEK,2026-06-30T21:14:04.220Z
Commons,binder,Bender's Waterskin,TLA,Avatar: The Last Airbender,255,normal,common,1,108223,6d4a1712-d19e-4475-9614-a0b1af4da610,6.42,false,false,near_mint,en,SEK,2026-06-30T21:14:04.219Z
Commons,binder,Flexible Waterbender,TLA,Avatar: The Last Airbender,50,normal,common,1,108163,1447ebce-7e48-4b21-a39c-740920538bdd,1.34,false,false,near_mint,en,SEK,2026-06-30T21:14:04.216Z
Commons,binder,Deny Entry,TLE,Avatar: The Last Airbender Eternal,222,normal,common,1,108252,9c6a20a8-7869-4b5d-aa22-acf232cc2d41,1.53,false,false,near_mint,en,SEK,2026-06-30T21:14:04.215Z
Commons,binder,Thriving Bluff,TLE,Avatar: The Last Airbender Eternal,260,normal,common,1,108222,6c382c6a-ec47-4b8d-8ad4-cfc935765742,1.25,false,false,near_mint,en,SEK,2026-06-30T21:14:04.213Z
Commons,binder,How to Start a Riot,TLA,Avatar: The Last Airbender,140,normal,common,1,108174,23b3bf1e-ea85-47f5-8473-4d16615f68d7,1.25,false,false,near_mint,en,SEK,2026-06-30T21:14:04.211Z
Commons,binder,Lightning Strike,TLA,Avatar: The Last Airbender,146,normal,common,1,108213,5787b0e0-9469-4a6d-8b81-c992628e28c0,1.92,false,false,near_mint,en,SEK,2026-06-30T21:14:04.210Z
Commons,binder,Mongoose Lizard,TLA,Avatar: The Last Airbender,148,normal,common,1,108232,7d40b9cb-82ef-44c5-8d3c-c8bb4ce9891c,0.86,false,false,near_mint,en,SEK,2026-06-30T21:14:04.209Z
Commons,binder,Rough Rhino Cavalry,TLA,Avatar: The Last Airbender,152,normal,common,1,108259,a8bc29cf-f6f8-4bb8-b722-f016b58b6d2d,0.67,false,false,near_mint,en,SEK,2026-06-30T21:14:04.208Z
Commons,binder,Vindictive Warden,TLA,Avatar: The Last Airbender,249,normal,common,1,108159,0f34de05-39a9-425f-a3b4-3a9d46c917ac,1.15,false,false,near_mint,en,SEK,2026-06-30T21:14:04.204Z
Commons,binder,Yuyan Archers,TLA,Avatar: The Last Airbender,161,normal,common,1,108250,99244462-a996-4a5b-91fb-947045647d6d,0.58,false,false,near_mint,en,SEK,2026-06-30T21:14:04.203Z
Commons,binder,Deserter's Disciple,TLA,Avatar: The Last Airbender,131,normal,common,1,108164,14f2ed5a-042b-4cce-82ad-cfb4bd511d98,0.86,false,false,near_mint,en,SEK,2026-06-30T21:14:04.201Z
Commons,binder,Warship Scout,TLE,Avatar: The Last Airbender Eternal,285,normal,common,1,108307,f47fc407-5b7d-4c9d-90b4-3eb234f9f18b,1.73,false,false,near_mint,en,SEK,2026-06-30T21:14:04.198Z
Commons,binder,Fire Nation Soldier,TLE,Avatar: The Last Airbender Eternal,280,normal,common,1,108183,3682f6c9-3f24-478f-abed-2583ea686457,1.63,false,false,near_mint,en,SEK,2026-06-30T21:14:04.197Z
Commons,binder,Zuko's Offense,TLE,Avatar: The Last Airbender Eternal,288,normal,common,1,108187,3959cf4e-57a5-4355-9837-56f70b321874,2.3,false,false,near_mint,en,SEK,2026-06-30T21:14:04.196Z
Commons,binder,Run Amok,TLE,Avatar: The Last Airbender Eternal,258,normal,common,1,108241,8ba7c131-68c6-4ab1-a192-0cfa77d85645,1.63,false,false,near_mint,en,SEK,2026-06-30T21:14:04.193Z
Commons,binder,Capital Guard,TLE,Avatar: The Last Airbender Eternal,277,normal,common,1,108258,a8a10d10-18d3-46e6-99db-43b24dcf2ae0,1.44,false,false,near_mint,en,SEK,2026-06-30T21:14:04.192Z
Commons,binder,Komodo Rhino,TLE,Avatar: The Last Airbender Eternal,241,normal,common,1,108291,e2b84af1-b40b-476a-87b2-ee8e3a018171,1.63,false,false,near_mint,en,SEK,2026-06-30T21:14:04.191Z
Commons,binder,Explosive Shot,TLE,Avatar: The Last Airbender Eternal,236,normal,common,1,108204,4ba682a6-1045-4ed6-ae95-bd5af8bd7224,1.53,false,false,near_mint,en,SEK,2026-06-30T21:14:04.190Z
Commons,binder,Dragon Moose,TLE,Avatar: The Last Airbender Eternal,235,normal,common,1,108313,fd61f469-5377-4bc1-a42b-dd66ca4ede1d,1.25,false,false,near_mint,en,SEK,2026-06-30T21:14:04.189Z
Commons,binder,Razor Rings,TLA,Avatar: The Last Airbender,33,normal,common,1,108265,b05cfee5-ee59-4df6-a5f6-d9ef0fa7f98a,1.44,false,false,near_mint,en,SEK,2026-06-30T21:14:04.184Z
Commons,binder,Aardvark Sloth,TLE,Avatar: The Last Airbender Eternal,212,normal,common,1,108290,e16365a2-4969-4ad5-af95-9dd2d0499f06,1.05,false,false,near_mint,en,SEK,2026-06-30T21:14:04.183Z
Commons,binder,Wolf Cove Villager,TLE,Avatar: The Last Airbender Eternal,276,normal,common,1,108251,993652d5-b44b-4142-a081-427edb480dcf,1.34,false,false,near_mint,en,SEK,2026-06-30T21:14:04.181Z
Commons,binder,Aang's Defense,TLE,Avatar: The Last Airbender Eternal,266,normal,common,1,108158,0dbb9439-6a4c-482a-83e7-5d6aa80d0cbd,2.01,false,false,near_mint,en,SEK,2026-06-30T21:14:04.178Z
Commons,binder,Tundra Wall,TLE,Avatar: The Last Airbender Eternal,275,normal,common,1,108216,5ce9ea15-6ec0-4044-a130-8e75f4d32ebb,2.2,false,false,near_mint,en,SEK,2026-06-30T21:14:04.177Z
Commons,binder,Sledding Otter-Penguin,TLE,Avatar: The Last Airbender Eternal,273,normal,common,1,108288,dcdb397d-3f68-4ede-b28a-4fa5c6f934dd,3.35,false,false,near_mint,en,SEK,2026-06-30T21:14:04.174Z
Commons,binder,Mountain,TLA,Avatar: The Last Airbender,285,normal,common,15,108275,c44f81ca-f72f-445c-8901-3a894a2a47f9,1.44,false,false,near_mint,en,SEK,2026-06-30T21:14:04.188Z
Commons,binder,Path to Redemption,TLA,Avatar: The Last Airbender,31,normal,common,2,108310,f936d64a-0db4-49c1-8a57-6d99e012a555,1.05,false,false,near_mint,en,SEK,2026-06-30T21:07:42.755Z
Commons,binder,Plains,TLA,Avatar: The Last Airbender,282,normal,common,9,108193,4069fb4a-8ee1-41ef-ab93-39a8cc58e0e5,1.82,false,false,near_mint,en,SEK,2026-06-30T21:07:42.758Z
Commons,binder,Rowdy Snowballers,TLA,Avatar: The Last Airbender,68,normal,common,1,108165,17d71522-b133-4003-b787-0c742a2fd70e,0.86,false,false,near_mint,en,SEK,2026-06-30T21:16:16.700Z
Commons,binder,Iguana Parrot,TLA,Avatar: The Last Airbender,56,normal,common,1,108235,7faa3e3d-c08a-4908-85ef-1370d3f90815,1.63,false,false,near_mint,en,SEK,2026-06-30T21:16:16.699Z
Commons,binder,Barrels of Blasting Jelly,TLA,Avatar: The Last Airbender,254,normal,common,1,108208,4fd83083-3779-41f0-90a0-a00e3270e4e6,1.73,false,false,near_mint,en,SEK,2026-06-30T21:16:16.698Z
Commons,binder,Geyser Leaper,TLA,Avatar: The Last Airbender,52,normal,common,1,108205,4d25428d-e5a5-43c4-8544-43120ed1c4d5,0.96,false,false,near_mint,en,SEK,2026-06-30T21:16:16.696Z
Commons,binder,Abandon Attachments,TLA,Avatar: The Last Airbender,205,normal,common,1,108228,74ca45a4-97ab-4255-9129-884e8b42b984,2.88,false,false,near_mint,en,SEK,2026-06-30T21:16:16.693Z
Commons,binder,Giant Koi,TLA,Avatar: The Last Airbender,53,normal,common,1,108186,3938ec1f-979c-48e5-bb13-bebace006a8f,1.05,false,false,near_mint,en,SEK,2026-06-30T21:16:16.692Z
Commons,binder,First-Time Flyer,TLA,Avatar: The Last Airbender,49,normal,common,1,108296,ea22d29d-3a62-4ae2-91d5-21a678be9b48,0.67,false,false,near_mint,en,SEK,2026-06-30T21:16:16.691Z
Commons,binder,Turtle-Seals,TLE,Avatar: The Last Airbender Eternal,226,normal,common,1,108188,3a144e7f-e0f7-4346-a4e8-f4a358c3b4a9,1.05,false,false,near_mint,en,SEK,2026-06-30T21:16:16.690Z
Commons,binder,Flying Dolphin-Fish,TLE,Avatar: The Last Airbender Eternal,223,normal,common,1,108278,ccb61a51-cff6-4f88-ac17-f10852a27d06,0.86,false,false,near_mint,en,SEK,2026-06-30T21:16:16.689Z
Commons,binder,Watery Grasp,TLA,Avatar: The Last Airbender,82,normal,common,1,108177,26bcff57-428e-4f30-a153-a778fbfc437d,1.34,false,false,near_mint,en,SEK,2026-06-30T21:16:16.687Z
Commons,binder,Waterbending Lesson,TLA,Avatar: The Last Airbender,80,normal,common,1,108207,4f81e3b5-a0a9-4764-8c2d-b499ce1740b4,2.01,false,false,near_mint,en,SEK,2026-06-30T21:16:16.685Z
Commons,binder,Otter-Penguin,TLA,Avatar: The Last Airbender,67,normal,common,1,108200,480b6279-bb34-4b3f-a639-868b52af92b9,1.34,false,false,near_mint,en,SEK,2026-06-30T21:16:16.683Z
Commons,binder,Sure Strike,FDN,Foundations,209,normal,common,1,101525,5de6a1e4-5c66-43e6-9f2a-2635bdab03f6,0.97,false,false,near_mint,en,SEK,2026-07-04T13:01:34.102Z
Commons,binder,Think Twice,FDN,Foundations,315,foil,common,1,100411,40a7e9bb-0772-4539-bbf9-7a95d5e47947,2.51,false,false,near_mint,en,SEK,2026-07-04T13:02:33.970Z
Commons,binder,Forlorn Flats,OTJ,Outlaws of Thunder Junction,258,normal,common,1,93273,963c100e-4e12-438f-b5ae-14391406dff6,2.22,false,false,near_mint,en,SEK,2026-07-04T13:15:53.975Z
Commons,binder,Jagged Barrens,OTJ,Outlaws of Thunder Junction,259,normal,common,1,93178,5d809f5b-d965-4cb1-a9f8-2048f8534373,3.86,false,false,near_mint,en,SEK,2026-07-04T13:15:53.974Z
Commons,binder,Quilled Charger,OTJ,Outlaws of Thunder Junction,139,foil,common,1,93169,56e326c4-39f1-41ee-9e47-ebe468c51718,0.39,false,false,near_mint,en,SEK,2026-07-04T13:15:53.969Z
Commons,binder,Slickshot Vault-Buster,OTJ,Outlaws of Thunder Junction,68,normal,common,1,93171,592ccc36-3d10-4a12-8743-9b300b80cb4d,0.19,false,false,near_mint,en,SEK,2026-07-04T13:15:53.968Z
Commons,binder,Quick Draw,OTJ,Outlaws of Thunder Junction,138,normal,common,1,93168,56399cd0-1214-42b6-be38-f2cbd770915f,1.55,false,false,near_mint,en,SEK,2026-07-04T13:15:53.964Z
Commons,binder,Steer Clear,OTJ,Outlaws of Thunder Junction,31,normal,common,2,93160,523a4d6e-122b-49b4-bf3d-17d29c0007fb,0.68,false,false,near_mint,en,SEK,2026-07-04T13:15:53.963Z
Commons,binder,Seize the Secrets,OTJ,Outlaws of Thunder Junction,64,normal,common,2,93076,1bdbdfa8-aa28-4b3d-95e7-3d0e7e37f982,1.06,false,false,near_mint,en,SEK,2026-07-04T13:15:53.962Z
Commons,binder,Ankle Biter,OTJ,Outlaws of Thunder Junction,153,normal,common,1,93136,424972d6-3b2c-449b-b786-749a77020fa1,1.26,false,false,near_mint,en,SEK,2026-07-04T13:15:53.961Z
Commons,binder,Djinn of Fool's Fall,OTJ,Outlaws of Thunder Junction,43,normal,common,1,93146,48bfc6af-c651-485e-a1cc-f9d00aeaf812,0.48,false,false,near_mint,en,SEK,2026-07-04T13:15:53.960Z
Commons,binder,Geyser Drake,OTJ,Outlaws of Thunder Junction,51,normal,common,1,93309,b270377b-33eb-4e5e-9d14-0da2876da74f,1.35,false,false,near_mint,en,SEK,2026-07-04T13:15:53.957Z
Commons,binder,Thunder Salvo,OTJ,Outlaws of Thunder Junction,150,normal,common,2,93289,a0bf0ea9-0929-4d33-815a-6df29c399e7e,1.16,false,false,near_mint,en,SEK,2026-07-04T13:15:53.956Z
Commons,binder,Spinewoods Paladin,OTJ,Outlaws of Thunder Junction,183,normal,common,2,93075,1b2b432d-9e73-4ab2-a098-546d406df6c0,0.87,false,false,near_mint,en,SEK,2026-07-04T13:15:53.955Z
Commons,binder,Skulduggery,OTJ,Outlaws of Thunder Junction,107,normal,common,3,93030,03709166-164a-4075-ad0d-ea3b516ab771,0.58,false,false,near_mint,en,SEK,2026-07-04T13:15:53.954Z
Commons,binder,Prickly Pair,OTJ,Outlaws of Thunder Junction,137,normal,common,1,93398,e70f2278-8857-46e4-aa2b-fff5589b750f,0.87,false,false,near_mint,en,SEK,2026-07-04T13:15:53.953Z
Commons,binder,Trained Arynx,OTJ,Outlaws of Thunder Junction,36,normal,common,1,93415,ef32a5f8-f69d-47dc-a800-4f0ddf4eada5,1.16,false,false,near_mint,en,SEK,2026-07-04T13:15:53.952Z
Commons,binder,Bristlepack Sentry,OTJ,Outlaws of Thunder Junction,156,normal,common,1,93201,6aea6702-16a8-4073-9c83-fbea20a5fd32,1.45,false,false,near_mint,en,SEK,2026-07-04T13:15:53.951Z
Commons,binder,Freestrider Commando,OTJ,Outlaws of Thunder Junction,162,normal,common,1,93265,92762169-095e-46e2-82f6-5b2ff2232240,1.16,false,false,near_mint,en,SEK,2026-07-04T14:18:27.271Z
Commons,binder,Corrupted Conviction,OTJ,Outlaws of Thunder Junction,84,normal,common,1,93235,8046f892-3317-4ef7-9cf7-97b9060540c8,2.32,false,false,near_mint,en,SEK,2026-07-04T14:18:27.270Z
Commons,binder,Quick Draw,OTJ,Outlaws of Thunder Junction,138,foil,common,1,93168,56399cd0-1214-42b6-be38-f2cbd770915f,1.35,false,false,near_mint,en,SEK,2026-07-04T14:18:27.261Z
Commons,binder,Island,OTJ,Outlaws of Thunder Junction,279,normal,common,1,93801,acd6be3f-745c-41ad-95c9-1db66ba56be2,1.06,false,false,near_mint,en,SEK,2026-07-04T14:18:27.260Z
Commons,binder,Boneyard Desecrator,OTJ,Outlaws of Thunder Junction,81,normal,common,1,93361,d43981b1-60c8-4896-8885-b07e73b99b30,1.74,false,false,near_mint,en,SEK,2026-07-04T14:23:25.571Z
Commons,binder,Dance of the Tumbleweeds,OTJ,Outlaws of Thunder Junction,160,normal,common,1,93345,caf0e715-befb-4904-82e6-d3f8c7fbd454,2.51,false,false,near_mint,en,SEK,2026-07-04T14:23:25.570Z
Commons,binder,Iron-Fist Pulverizer,OTJ,Outlaws of Thunder Junction,131,normal,common,1,93352,cd7f984a-0b56-45df-958d-6178e4da61ed,0.97,false,false,near_mint,en,SEK,2026-07-04T14:23:25.569Z
Commons,binder,Mystical Tether,OTJ,Outlaws of Thunder Junction,19,normal,common,1,93064,18344498-952e-489c-8b03-bd1bef4c26ca,0.97,false,false,near_mint,en,SEK,2026-07-04T14:23:25.568Z
Commons,binder,Take the Fall,OTJ,Outlaws of Thunder Junction,73,normal,common,1,93287,9fea80c4-923c-40a1-9363-bfa4c267a024,1.06,false,false,near_mint,en,SEK,2026-07-04T14:23:25.567Z
Commons,binder,Jagged Barrens,OTJ,Outlaws of Thunder Junction,259,foil,common,1,93178,5d809f5b-d965-4cb1-a9f8-2048f8534373,3.96,false,false,near_mint,en,SEK,2026-07-04T14:23:25.559Z
Commons,binder,Dazzling Angel,FDN,Foundations,9,normal,common,1,101468,027dc444-e544-4693-8653-3dcdda530162,2.41,false,false,near_mint,en,SEK,2026-07-04T14:29:24.089Z
Commons,binder,Sower of Chaos,FDN,Foundations,95,normal,common,1,101556,7ff50606-491c-4946-8d03-719b01cfad77,1.16,false,false,near_mint,en,SEK,2026-07-04T14:29:24.088Z
Commons,binder,Burglar Rat,FDN,Foundations,170,normal,common,1,101608,de1c8758-ce3d-49cf-8173-c0eb46f5e7bc,2.8,false,false,near_mint,en,SEK,2026-07-04T14:29:24.087Z
Commons,binder,Apothecary Stomper,FDN,Foundations,99,normal,common,1,101537,680b7b0c-0e1b-46ce-9917-9fc6e05aa148,1.06,false,false,near_mint,en,SEK,2026-07-04T14:29:24.086Z
Commons,binder,Bigfin Bouncer,FDN,Foundations,31,normal,common,1,100882,9b1d5b76-b07e-45c6-800d-4cfce085164f,2.03,false,false,near_mint,en,SEK,2026-07-04T14:29:24.085Z
Commons,binder,Fleeting Flight,FDN,Foundations,13,normal,common,1,101513,55139100-9342-41fd-b10a-8e9932e605d4,1.45,false,false,near_mint,en,SEK,2026-07-04T14:29:24.084Z
Commons,binder,Elfsworn Giant,FDN,Foundations,103,normal,common,1,100497,5128a5be-ffa6-4998-8488-872d80b24cb2,2.22,false,false,near_mint,en,SEK,2026-07-04T14:29:24.083Z
Commons,binder,Marauding Blight-Priest,FDN,Foundations,178,foil,common,1,101528,5f70dafc-c638-4ec0-ab5b-62998f752720,3.57,false,false,near_mint,en,SEK,2026-07-04T14:29:24.081Z
Commons,binder,Clue,TOTJ,Outlaws of Thunder Junction Tokens,16,normal,common,1,93701,764a906c-8b27-4ffa-bdc3-7825c6919d3e,3.48,false,false,near_mint,en,SEK,2026-07-04T14:33:20.576Z
Commons,binder,Koma's Coil,TFDN,Foundations Tokens,11,normal,common,1,101596,cef25434-cd23-4dcf-b77e-36e648a8de23,,false,false,near_mint,en,SEK,2026-07-04T14:33:34.796Z
Commons,binder,Scion of the Deep,TFDN,Foundations Tokens,13,normal,common,1,101487,26c478f7-b426-4055-8d06-e5782226c826,,false,false,near_mint,en,SEK,2026-07-04T14:40:20.737Z
Commons,binder,Swamp,BLB,Bloomburrow,270,foil,common,1,95860,faa54bef-c90e-4e9b-b94b-942ea829e0d2,3.19,false,false,near_mint,en,SEK,2026-07-05T22:16:12.782Z
Commons,binder,Swamp,BLB,Bloomburrow,270,normal,common,1,95860,faa54bef-c90e-4e9b-b94b-942ea829e0d2,2.7,false,false,near_mint,en,SEK,2026-07-05T22:16:12.782Z
Commons,binder,Treetop Sentries,BLB,Bloomburrow,201,foil,common,1,95974,e16d4d6e-1fe5-4ff6-9877-8c849a24f5e0,2.7,false,false,near_mint,en,SEK,2026-07-05T22:16:12.782Z
Commons,binder,Starlit Soothsayer,BLB,Bloomburrow,115,normal,common,2,95895,184c1eca-2991-438f-b5d2-cd2529b9c9b4,2.08,false,false,near_mint,en,SEK,2026-07-05T22:16:12.782Z
Commons,binder,Bakersbane Duo,BLB,Bloomburrow,163,normal,common,1,96035,5309354f-1ff4-4fa9-9141-01ea2f7588ab,2.12,false,false,near_mint,en,SEK,2026-07-05T22:16:12.782Z
Commons,binder,Glidedive Duo,BLB,Bloomburrow,96,normal,common,2,96026,4831e7ae-54e3-4bd9-b5af-52dc29f81715,1.88,false,false,near_mint,en,SEK,2026-07-05T22:16:12.782Z
Commons,binder,Agate-Blade Assassin,BLB,Bloomburrow,82,normal,common,2,96017,39ebb84a-1c52-4b07-9bd0-b360523b3a5b,2.03,false,false,near_mint,en,SEK,2026-07-05T22:16:12.782Z
Commons,binder,Alania's Pathmaker,BLB,Bloomburrow,123,normal,common,1,96123,d3871fe6-e26e-4ab4-bd81-7e3c7b8135c1,2.03,false,false,near_mint,en,SEK,2026-07-05T22:16:12.782Z
Commons,binder,Fountainport Bell,BLB,Bloomburrow,245,normal,common,1,96094,a5c94bc0-a49d-451b-8e8d-64d46b8b8603,2.03,false,false,near_mint,en,SEK,2026-07-05T22:16:12.782Z
Commons,binder,Corpseberry Cultivator,BLB,Bloomburrow,210,normal,common,2,95829,c911a759-ed7b-452b-88a3-663478357610,1.84,false,false,near_mint,en,SEK,2026-07-05T22:16:12.782Z
Commons,binder,Bonebind Orator,BLB,Bloomburrow,84,normal,common,1,96535,faf226fa-ca09-4468-8804-87b2a7de2c66,1.74,false,false,near_mint,en,SEK,2026-07-05T22:16:12.782Z
Commons,binder,Daggerfang Duo,BLB,Bloomburrow,89,normal,common,1,96468,cea2bb34-e328-44fb-918a-72208c9457e4,1.64,false,false,near_mint,en,SEK,2026-07-05T22:16:12.782Z
Commons,binder,Starlit Soothsayer,BLB,Bloomburrow,115,foil,common,1,95895,184c1eca-2991-438f-b5d2-cd2529b9c9b4,1.64,false,false,near_mint,en,SEK,2026-07-05T22:16:12.782Z
Commons,binder,Ravine Raider,BLB,Bloomburrow,106,normal,common,3,96370,874510be-7ecd-4eff-abad-b9594eb4821a,1.54,false,false,near_mint,en,SEK,2026-07-05T22:16:12.782Z
Commons,binder,Thornplate Intimidator,BLB,Bloomburrow,117,normal,common,2,96019,42f66c4a-feaa-4ba6-aa56-955b43329a9e,1.54,false,false,near_mint,en,SEK,2026-07-05T22:16:12.782Z
Commons,binder,Bumbleflower's Sharepot,BLB,Bloomburrow,244,normal,common,1,95924,5f0affd5-5dcd-4dd1-a694-37a9aedf4084,1.45,false,false,near_mint,en,SEK,2026-07-05T22:16:12.782Z
Commons,binder,Savor,BLB,Bloomburrow,109,normal,common,1,96178,1397f689-dca1-4d35-864b-92c5606afb9a,1.45,false,false,near_mint,en,SEK,2026-07-05T22:16:12.782Z
Commons,binder,Scales of Shale,BLB,Bloomburrow,110,normal,common,1,95955,9ae14276-dbbd-4257-80e9-accd6c19f5b2,1.45,false,false,near_mint,en,SEK,2026-07-05T22:16:12.782Z
Commons,binder,Three Tree Rootweaver,BLB,Bloomburrow,198,normal,common,1,96469,d1ab6e14-26e0-4174-b5c6-bc0f5c26b177,1.45,false,false,near_mint,en,SEK,2026-07-05T22:16:12.782Z
Commons,binder,Early Winter,BLB,Bloomburrow,93,normal,common,2,95626,5030e6ac-211d-4145-8c87-998a8351a467,1.26,false,false,near_mint,en,SEK,2026-07-05T22:16:12.782Z
Commons,binder,Seedpod Squire,BLB,Bloomburrow,232,normal,common,3,95852,f3684577-51ce-490e-9b59-b19c733be466,1.45,false,false,near_mint,en,SEK,2026-07-18T12:42:52.728Z
Commons,binder,Whiskerquill Scribe,BLB,Bloomburrow,161,normal,common,1,96124,da653996-9bd4-40bd-afb4-48c7e070a269,1.25,false,false,near_mint,en,SEK,2026-07-18T12:42:52.727Z
Commons,binder,Barkform Harvester,BLB,Bloomburrow,243,normal,common,1,95984,f77049a6-0f22-415b-bc89-20bcb32accf6,1.64,false,false,near_mint,en,SEK,2026-07-18T12:42:52.726Z
Commons,binder,Intrepid Rabbit,BLB,Bloomburrow,17,normal,common,1,96276,4d70b99d-c8bf-4a56-8957-cf587fe60b81,1.54,false,false,near_mint,en,SEK,2026-07-18T12:42:52.725Z
Commons,binder,Hidden Grotto,BLB,Bloomburrow,254,normal,common,1,95918,4ba8f2e7-8357-4862-97dc-1942d066023a,2.51,false,false,near_mint,en,SEK,2026-07-18T12:42:52.723Z
Commons,binder,Shore Up,BLB,Bloomburrow,69,normal,common,2,96277,4dc3b49e-3674-494c-bdea-4374cefd10f4,2.17,false,false,near_mint,en,SEK,2026-07-18T12:42:52.722Z
Commons,binder,Wax-Wane Witness,BLB,Bloomburrow,39,foil,common,1,95971,d90ea719-5320-46c6-a347-161853a14776,1.45,false,false,near_mint,en,SEK,2026-07-18T12:42:52.721Z
Commons,binder,Forest,BLB,Bloomburrow,279,foil,common,1,95769,3a7a2a54-47e1-4694-b4f6-b7d659bb2b1f,3.86,false,false,near_mint,en,SEK,2026-07-18T12:42:52.720Z
Commons,binder,Mountain,BLB,Bloomburrow,274,normal,common,1,91708,c1bba8fb-d763-4efa-8db1-e5e81994b5f9,3.09,false,false,near_mint,en,SEK,2026-07-19T13:04:02.810Z
Commons,binder,Conduct Electricity,BLB,Bloomburrow,130,normal,common,1,95906,2f373dd6-2412-453c-85ba-10230dfe473a,0.87,false,false,near_mint,en,SEK,2026-07-19T13:04:02.805Z
Commons,binder,Rust-Shield Rampager,BLB,Bloomburrow,190,normal,common,1,96117,c96b01f5-83de-4237-a68d-f946c53e31a6,2.12,false,false,near_mint,en,SEK,2026-07-19T13:04:02.804Z
Commons,binder,Nightwhorl Hermit,BLB,Bloomburrow,62,normal,common,1,95994,0928e04f-2568-41e8-b603-7a25cf5f94d0,1.16,false,false,near_mint,en,SEK,2026-07-19T13:04:02.801Z
Commons,binder,Sonar Strike,BLB,Bloomburrow,32,normal,common,1,96093,a50da179-751f-47a8-a547-8c4a291ed381,1.54,false,false,near_mint,en,SEK,2026-07-19T13:04:02.799Z
Commons,binder,Plains,BLB,Bloomburrow,262,normal,common,1,95768,3663ff0c-d02f-49ac-bb88-6f0dbd684337,2.6,false,false,near_mint,en,SEK,2026-07-19T13:04:02.798Z
Commons,binder,Warren Elder,BLB,Bloomburrow,37,foil,common,1,96030,4bf20069-5a20-4f95-976b-6af2b69f3ad0,2.12,false,false,near_mint,en,SEK,2026-07-19T13:04:02.797Z
Commons,binder,War Squeak,BLB,Bloomburrow,160,normal,common,1,95999,105964a7-88b7-4340-aa66-e908189a3638,1.35,false,false,near_mint,en,SEK,2026-07-19T13:04:02.791Z
Commons,binder,Heaped Harvest,BLB,Bloomburrow,175,normal,common,1,96255,3b5349db-0e0a-4b15-886e-0db403ef49cb,2.41,false,false,near_mint,en,SEK,2026-07-19T13:04:02.789Z
Commons,binder,Carrot Cake,BLB,Bloomburrow,7,normal,common,1,95636,eb03bb4f-8b4b-417e-bfc6-294cd2186b2e,1.83,false,false,near_mint,en,SEK,2026-07-19T13:04:02.786Z
Commons,binder,Uncharted Haven,FDN,Foundations,564,normal,common,1,97170,172cd5b7-98fc-4add-b858-a0b3dfb75c19,0.77,false,false,near_mint,en,SEK,2026-07-19T13:04:02.785Z
Commons,binder,Terminate,ECC,Lorwyn Eclipsed Commander,134,normal,common,1,110455,21f579c9-4b74-4461-8812-dcfd68fd2b97,3.59,false,false,near_mint,en,SEK,2026-07-23T10:03:28.241Z
Commons,binder,Command Tower,ECC,Lorwyn Eclipsed Commander,60,normal,common,1,110540,7aebd8b6-7d4c-422f-ad57-fc07699c88ae,3.3,false,false,near_mint,en,SEK,2026-07-23T10:03:28.241Z
Commons,binder,Night's Whisper,ECC,Lorwyn Eclipsed Commander,81,normal,common,1,110620,c6627166-bf0e-49f2-9077-252cfb0fab4d,3.3,false,false,near_mint,en,SEK,2026-07-23T10:03:28.241Z
Commons,binder,Cathartic Reunion,ECC,Lorwyn Eclipsed Commander,91,normal,common,1,110641,e3bca51a-b9be-4be2-a256-b15853fde433,2.91,false,false,near_mint,en,SEK,2026-07-23T10:03:28.241Z
Commons,binder,Riveteers Overlook,ECC,Lorwyn Eclipsed Commander,162,normal,common,1,110516,65ce9590-87c0-4057-bddb-fadc0de552f6,2.91,false,false,near_mint,en,SEK,2026-07-23T10:03:28.241Z
Commons,binder,Wickerbough Elder,ECC,Lorwyn Eclipsed Commander,118,normal,common,1,110551,83e0b855-0259-4229-a6b9-d0faaf225355,2.81,false,false,near_mint,en,SEK,2026-07-23T10:03:28.241Z
Commons,binder,Commander's Sphere,ECC,Lorwyn Eclipsed Commander,139,normal,common,1,110579,a0d50603-e31f-4cd7-b4b6-49847d99eb2e,2.72,false,false,near_mint,en,SEK,2026-07-23T10:03:28.241Z
Commons,binder,Evolving Wilds,ECL,Lorwyn Eclipsed,264,normal,common,1,110560,8c632984-5176-4c37-91df-6577cc294b85,2.72,false,false,near_mint,en,SEK,2026-07-23T10:03:28.241Z
Commons,binder,Path of Ancestry,ECC,Lorwyn Eclipsed Commander,158,normal,common,1,110482,3b792a6a-beac-4d4a-91b6-f5a5e3539ecd,2.42,false,false,near_mint,en,SEK,2026-07-23T10:03:28.241Z
Commons,binder,Terramorphic Expanse,ECC,Lorwyn Eclipsed Commander,169,normal,common,1,110435,0bea079a-a972-4988-a561-9783b2515166,2.42,false,false,near_mint,en,SEK,2026-07-23T10:03:28.241Z
Commons,binder,Mountain,ECL,Lorwyn Eclipsed,272,normal,common,4,110313,295b92bc-d66f-45d8-9bbe-5f5f13e39fd4,2.23,false,false,near_mint,en,SEK,2026-07-23T10:03:28.241Z
Commons,binder,Burning Curiosity,ECL,Lorwyn Eclipsed,129,normal,common,1,110521,689ed288-6228-4d7e-b198-56a12b8be299,2.04,false,false,near_mint,en,SEK,2026-07-23T10:03:28.241Z
Commons,binder,Swamp,ECL,Lorwyn Eclipsed,271,normal,common,8,110305,1dd4d605-02a2-4183-b191-0bca8dfbf962,1.55,false,false,near_mint,en,SEK,2026-07-23T10:03:28.241Z
Commons,binder,Forest,ECL,Lorwyn Eclipsed,273,normal,common,6,110396,b460f5f7-c7c9-400c-8419-23d614f45bf9,1.26,false,false,near_mint,en,SEK,2026-07-23T10:03:28.241Z
Commons,binder,Impact Tremors,FDN,Foundations,717,foil,common,1,101159,d0b7cecf-b51b-4d30-b7e9-cd7976271e07,20.85,false,false,near_mint,en,SEK,2026-07-23T14:38:36.049Z
Commons,binder,Expedition Map,FDN,Foundations,724,foil,common,1,100130,08e66835-c228-48fa-bcaa-eb96edbd4f5a,7.66,false,false,near_mint,en,SEK,2026-07-23T14:38:36.049Z
Commons,binder,Swamp,FDN,Foundations,286,normal,common,1,100653,6f23a73a-522b-40cf-a14b-ffdf47a24c01,5.53,false,false,near_mint,en,SEK,2026-07-23T14:38:36.049Z
Commons,binder,Plains,FDN,Foundations,282,normal,common,1,100651,6e6f19b3-4c76-4078-8ed2-b2832a33d066,3.88,false,false,near_mint,en,SEK,2026-07-23T14:38:36.049Z
Commons,binder,Mountain,FDN,Foundations,288,normal,common,1,100377,3a3afd00-da06-4a9f-8cd1-7133728e0fdd,3.39,false,false,near_mint,en,SEK,2026-07-23T14:38:36.049Z
Commons,binder,Dismal Backwater,FDN,Foundations,261,normal,common,2,101220,dbb0df36-8467-4a41-8e1c-6c3584d4fd10,3.2,false,false,near_mint,en,SEK,2026-07-23T14:38:36.049Z
Commons,binder,Hinterland Sanctifier,FDN,Foundations,730,normal,common,4,101532,632df69e-6377-43d0-bba5-65518a320aa5,3.2,false,false,near_mint,en,SEK,2026-07-23T14:38:36.049Z
Commons,binder,Bushwhack,FDN,Foundations,215,normal,common,1,101469,03ebdb36-55e0-49dd-a514-785fbeb4ae19,3.1,false,false,near_mint,en,SEK,2026-07-23T14:38:36.049Z
Commons,binder,Command Tower,FDC,Foundations Commander,3,foil,common,1,100615,667b6c3b-75cc-4adf-b205-80925ca76d2a,3.1,false,false,near_mint,en,SEK,2026-07-23T14:38:36.049Z
Commons,binder,Island,FDN,Foundations,285,normal,common,1,100654,6f534ddc-f610-45cd-84dc-bb6df6c5a84f,3.1,false,false,near_mint,en,SEK,2026-07-23T14:38:36.049Z
Commons,binder,Burst Lightning,FDN,Foundations,192,normal,common,4,100994,aec5d380-d354-4750-931a-6c91853e2edc,2.91,false,false,near_mint,en,SEK,2026-07-23T14:38:36.049Z
Commons,binder,Evolving Wilds,FDN,Foundations,262,normal,common,2,100376,3a0b9356-5b91-4542-8802-f0f7275238e1,2.91,false,false,near_mint,en,SEK,2026-07-23T14:38:36.049Z
Commons,binder,Forest,FDN,Foundations,291,normal,common,1,100169,117ab60a-b888-4585-b0c6-769d387069f7,2.91,false,false,near_mint,en,SEK,2026-07-23T14:38:36.049Z
Commons,binder,Forest,FDN,Foundations,290,normal,common,1,101064,bbbeb57d-5fa0-4ff7-b5e8-caafc139669b,2.91,false,false,near_mint,en,SEK,2026-07-23T14:38:36.049Z
Commons,binder,Jungle Hollow,FDN,Foundations,263,normal,common,2,101224,dc758e14-d370-45e4-bbc5-938fb4d21127,2.91,false,false,near_mint,en,SEK,2026-07-23T14:38:36.049Z
Commons,binder,Undying Malice,FDN,Foundations,528,normal,common,1,100858,97b3cf11-e352-4ee1-8c03-13898f576ef9,2.91,false,false,near_mint,en,SEK,2026-07-23T14:38:36.049Z
Commons,binder,Wind-Scarred Crag,FDN,Foundations,271,normal,common,2,100684,759e99df-11a8-4aee-b6bc-344e84e10d94,2.91,false,false,near_mint,en,SEK,2026-07-23T14:38:36.049Z
Commons,binder,Llanowar Elves,FDN,Foundations,227,normal,common,4,95583,6a0b230b-d391-4998-a3f7-7b158a0ec2cd,2.81,false,false,near_mint,en,SEK,2026-07-23T14:38:36.049Z
Commons,binder,Plains,FDN,Foundations,283,normal,common,1,100703,7a0f9892-89cd-46ff-bc87-114e175cb575,2.72,false,false,near_mint,en,SEK,2026-07-23T14:38:36.049Z
Commons,binder,Swamp,FDN,Foundations,287,normal,common,1,101401,fda1dbfa-a57b-4aa8-9993-c8f97aec28bb,2.62,false,false,near_mint,en,SEK,2026-07-23T14:38:36.049Z
Commons,binder,Witness Protection,FDN,Foundations,168,normal,common,1,101621,f231e981-0069-43ce-ac1c-c85ced613e93,2.62,false,false,near_mint,en,SEK,2026-07-23T14:38:36.049Z
Commons,binder,Bloodfell Caves,FDN,Foundations,259,normal,common,2,100806,8b90dc92-cb66-41d9-89f9-2b6e3cfc8082,2.52,false,false,near_mint,en,SEK,2026-07-23T14:38:36.049Z
Commons,binder,Scoured Barrens,FDN,Foundations,266,normal,common,2,100277,2632a4b2-9ca6-4b67-9a99-14f52ad3dc41,2.52,false,false,near_mint,en,SEK,2026-07-23T14:38:36.049Z
Commons,binder,Forest,FDN,Foundations,281,normal,common,8,100973,ab8affbb-d2a2-436b-bbc2-9e8b6cf0d2c4,2.33,false,false,near_mint,en,SEK,2026-07-23T14:38:36.049Z
Commons,binder,Forest,FDN,Foundations,280,normal,common,8,101166,d232fcc2-12f6-401a-b1aa-ddff11cb9378,2.33,false,false,near_mint,en,SEK,2026-07-23T14:38:36.049Z
Commons,binder,Infestation Sage,FDN,Foundations,64,normal,common,2,101601,d40c73de-7a5f-46f2-a70b-449bc8ecfe24,2.23,false,false,near_mint,en,SEK,2026-07-23T14:38:36.049Z
Commons,binder,Island,FDN,Foundations,275,normal,common,8,100260,23635e40-d040-40b7-8b98-90ed362aa028,2.13,false,false,near_mint,en,SEK,2026-07-23T14:38:36.049Z
Commons,binder,Swamp,FDN,Foundations,277,normal,common,8,97169,13505c15-14e0-4200-82bd-fb9bce949e68,2.13,false,false,near_mint,en,SEK,2026-07-23T14:38:36.049Z
Commons,binder,Tranquil Cove,FDN,Foundations,270,normal,common,2,100719,7c9cabca-5bcc-4b97-b2ac-a345ad3ee43c,2.13,false,false,near_mint,en,SEK,2026-07-23T14:38:36.049Z
Commons,binder,Inspiring Overseer,FDN,Foundations,496,normal,common,1,101588,c3e9aa54-e5d5-4cbb-9d2a-263b9eba398f,2.04,false,false,near_mint,en,SEK,2026-07-23T14:38:36.049Z
Commons,binder,Mountain,FDN,Foundations,289,normal,common,1,100103,042b04b4-f7f4-4c1a-86ad-b50d788aa99e,2.04,false,false,near_mint,en,SEK,2026-07-23T14:38:36.049Z
Commons,binder,Negate,FDN,Foundations,710,foil,common,1,101413,ff3b0dba-0207-4249-bdab-e807c76ce39e,2.04,false,false,near_mint,en,SEK,2026-07-23T14:38:36.049Z
Commons,binder,Thornwood Falls,FDN,Foundations,269,normal,common,2,100424,42799f51-0f8c-444b-974e-dae281a5c697,2.04,false,false,near_mint,en,SEK,2026-07-23T14:38:36.049Z
Commons,binder,Tolarian Terror,FDN,Foundations,167,normal,common,1,100270,2569d4f3-55ed-4f99-9592-34c7df0aab72,2.04,false,false,near_mint,en,SEK,2026-07-23T14:38:36.049Z
Commons,binder,Unsummon,FDN,Foundations,599,normal,common,1,101013,b378d319-ab98-422a-8f72-121a9d26f5c6,2.04,false,false,near_mint,en,SEK,2026-07-23T14:38:36.049Z
Commons,binder,Mountain,FDN,Foundations,279,normal,common,8,100229,1edc5050-69bd-416d-b04c-7f82de2a1901,1.94,false,false,near_mint,en,SEK,2026-07-23T14:38:36.049Z
Commons,binder,Plains,FDN,Foundations,273,normal,common,8,97175,37edc4b5-75f5-4b43-a57e-a8192565a2a0,1.94,false,false,near_mint,en,SEK,2026-07-23T14:38:36.049Z
Commons,binder,Plains,FDN,Foundations,272,normal,common,8,100486,4ef17ed4-a9b5-4b8e-b4cb-2ecb7e5898c3,1.94,false,false,near_mint,en,SEK,2026-07-23T14:38:36.049Z
Commons,binder,Refute,FDN,Foundations,313,normal,common,1,100279,26a65d5b-d07e-4ff0-900a-30d509ce0f35,1.84,false,false,near_mint,en,SEK,2026-07-23T14:38:36.049Z
Commons,binder,Sanguine Indulgence,FDN,Foundations,613,normal,common,1,100099,03a26ca7-b26f-4b86-a060-712f15f4bf7f,1.84,false,false,near_mint,en,SEK,2026-07-23T14:38:36.049Z
Commons,binder,Dive Down,FDN,Foundations,588,normal,common,1,100608,65d5cff9-a3ec-432d-9ce5-68949e524279,1.75,false,false,near_mint,en,SEK,2026-07-23T14:38:36.049Z
Commons,binder,Think Twice,FDN,Foundations,165,normal,common,2,101202,d88faaa1-eb41-40f7-991c-5c06e1138f3d,1.75,false,false,near_mint,en,SEK,2026-07-23T14:38:36.049Z
Commons,binder,Crash Through,FDN,Foundations,620,normal,common,1,100903,9eb16918-6363-4849-8d74-e26822a0ddf7,1.65,false,false,near_mint,en,SEK,2026-07-23T14:38:36.049Z
Commons,binder,Giant Growth,FDN,Foundations,223,normal,common,1,101073,bd0bf74e-14c1-4428-88d8-2181a080b5d0,1.65,false,false,near_mint,en,SEK,2026-07-23T14:38:36.049Z
Commons,binder,Mocking Sprite,FDN,Foundations,159,normal,common,1,101624,f6792f63-b651-497d-8aa5-cddf4cedeca8,1.65,false,false,near_mint,en,SEK,2026-07-23T14:38:36.049Z
Commons,binder,Springbloom Druid,FDN,Foundations,646,normal,common,1,101381,fa87cb5f-4dc9-49a4-9ae6-ebc7fedac018,1.65,false,false,near_mint,en,SEK,2026-07-23T14:38:36.049Z
Commons,binder,Swamp,FDN,Foundations,276,normal,common,8,100329,319bc1f0-ee42-44e5-b08b-735613ded2ba,1.65,false,false,near_mint,en,SEK,2026-07-23T14:38:36.049Z
Commons,binder,Crusader of Odric,FDN,Foundations,569,normal,common,1,100079,009029c2-26b9-498f-8765-e91c2e1f3aee,1.45,false,false,near_mint,en,SEK,2026-07-23T14:38:36.049Z
Commons,binder,Dimir Guildgate,FDN,Foundations,688,normal,common,1,101376,f9b8a159-5e58-4432-8ecd-62f39afa96da,1.45,false,false,near_mint,en,SEK,2026-07-23T14:38:36.049Z
Commons,binder,Feed the Swarm,FDN,Foundations,712,foil,common,1,101273,e66d4541-160c-4137-98e7-0eaa692c7d7a,1.45,false,false,near_mint,en,SEK,2026-07-23T14:38:36.049Z
Commons,binder,Island,FDN,Foundations,274,normal,common,8,100191,17e2b637-72b1-4457-aaba-66d51107be4c,1.45,false,false,near_mint,en,SEK,2026-07-23T14:38:36.049Z
Commons,binder,Mountain,FDN,Foundations,278,normal,common,8,100284,279df7e2-2a3b-464a-a7df-e91da28e3a8c,1.45,false,false,near_mint,en,SEK,2026-07-23T14:38:36.049Z
Commons,binder,Ballyrush Banneret,FDN,Foundations,567,normal,common,1,101003,b18a7daa-a112-4728-9123-594366694915,1.36,false,false,near_mint,en,SEK,2026-07-23T14:38:36.049Z
Commons,binder,Fierce Empath,FDN,Foundations,636,normal,common,1,100290,28a1dd7f-2e42-4062-a941-b489b98a49fc,1.36,false,false,near_mint,en,SEK,2026-07-23T14:38:36.049Z
Commons,binder,Moment of Craving,FDN,Foundations,524,normal,common,1,97174,3627f9fb-b828-49cd-887d-e2ab3ef43dfb,1.36,false,false,near_mint,en,SEK,2026-07-23T14:38:36.049Z
Commons,binder,Rakdos Guildgate,FDN,Foundations,693,normal,common,1,101249,e1f01964-c610-4d0f-a2b4-f52e46dc50d2,1.36,false,false,near_mint,en,SEK,2026-07-23T14:38:36.049Z
Commons,binder,Selesnya Guildgate,FDN,Foundations,694,normal,common,1,100619,6718d4e7-768e-473f-8064-a68422e977f6,1.36,false,false,near_mint,en,SEK,2026-07-23T14:38:36.049Z
Commons,binder,Thornweald Archer,FDN,Foundations,559,normal,common,1,100193,189f6199-f2fe-49a5-89ca-3c4cb39fbf2b,1.36,false,false,near_mint,en,SEK,2026-07-23T14:38:36.049Z
Commons,binder,Duress,FDN,Foundations,606,normal,common,1,100348,34c3a894-ee75-4db9-a69f-711bb3cc150a,1.26,false,false,near_mint,en,SEK,2026-07-23T14:38:36.049Z
Commons,binder,Opt,FDN,Foundations,512,normal,common,4,100539,58d26b54-0093-4e90-a2b1-b57c64340f9c,1.26,false,false,near_mint,en,SEK,2026-07-23T14:38:36.049Z
Commons,binder,Pulse Tracker,FDN,Foundations,612,normal,common,1,101402,fdcbbe4d-5c93-4b14-8123-cd835452870f,1.26,false,false,near_mint,en,SEK,2026-07-23T14:38:36.049Z
Commons,binder,Azorius Guildgate,FDN,Foundations,683,normal,common,1,101375,f98a7264-0a83-42c8-a94d-05ad4c234242,1.16,false,false,near_mint,en,SEK,2026-07-23T14:38:36.049Z
Commons,binder,Boros Guildgate,FDN,Foundations,684,normal,common,1,100402,3e3c74ea-40e9-4ad9-a491-c208403b68ad,1.16,false,false,near_mint,en,SEK,2026-07-23T14:38:36.049Z
Commons,binder,Dragon Fodder,FDN,Foundations,535,normal,common,2,101626,f9abe517-f601-4784-8d62-2350bd755146,1.16,false,false,near_mint,en,SEK,2026-07-23T14:38:36.049Z
Commons,binder,Felidar Cub,FDN,Foundations,573,normal,common,1,100156,0d61d50b-7ab6-45a9-b207-31d87aa2e555,1.16,false,false,near_mint,en,SEK,2026-07-23T14:38:36.049Z
Commons,binder,Ghitu Lavarunner,FDN,Foundations,623,normal,common,2,100794,8940d76d-c09f-4d72-a037-439c70ee8d9d,1.16,false,false,near_mint,en,SEK,2026-07-23T14:38:36.049Z
Commons,binder,Golgari Guildgate,FDN,Foundations,689,normal,common,1,100836,92d4646c-a375-4835-aa58-8bb77d1a5abf,1.16,false,false,near_mint,en,SEK,2026-07-23T14:38:36.049Z
Commons,binder,Gruul Guildgate,FDN,Foundations,690,normal,common,1,100381,3ab6c240-c97d-4a5c-bc39-860c2d9901c2,1.16,false,false,near_mint,en,SEK,2026-07-23T14:38:36.049Z
Commons,binder,Izzet Guildgate,FDN,Foundations,691,normal,common,1,101219,db9e6fc9-813d-4a71-8a68-8e0f83fa945d,1.16,false,false,near_mint,en,SEK,2026-07-23T14:38:36.049Z
Commons,binder,Orzhov Guildgate,FDN,Foundations,692,normal,common,1,100952,a917be03-0c17-4454-b044-c4375e5c8085,1.16,false,false,near_mint,en,SEK,2026-07-23T14:38:36.049Z
Commons,binder,Simic Guildgate,FDN,Foundations,695,normal,common,1,100853,96590855-1ee5-4d69-9070-776e23f71976,1.16,false,false,near_mint,en,SEK,2026-07-23T14:38:36.049Z
Commons,binder,Viashino Pyromancer,FDN,Foundations,634,normal,common,1,100905,9f52ada2-cabc-46a3-99df-271833a86909,1.16,false,false,near_mint,en,SEK,2026-07-23T14:38:36.049Z
Commons,binder,Disenchant,FDN,Foundations,572,normal,common,1,100709,7ac43e16-8b14-46f2-877a-600ea918766b,0.97,false,false,near_mint,en,SEK,2026-07-23T14:38:36.049Z
Commons,binder,Driver of the Dead,FDN,Foundations,605,normal,common,1,100431,4443696a-0b9a-4081-91aa-800b5c4065d2,0.87,false,false,near_mint,en,SEK,2026-07-23T14:38:36.049Z
Commons,binder,Into the Roil,FDN,Foundations,509,normal,common,1,101486,25edefa9-9fff-4b71-83ae-696c196a795c,0.78,false,false,near_mint,en,SEK,2026-07-23T14:38:36.049Z
Commons,binder,Suspicious Shambler,FDN,Foundations,527,normal,common,1,100393,3d2c5345-eb55-4bca-9183-b4e1404405f8,0.68,false,false,near_mint,en,SEK,2026-07-23T14:38:36.049Z
Commons,binder,Fanatical Firebrand,FDN,Foundations,195,normal,common,2,101598,d1296316-7781-4e98-95e6-7020648be6a5,2.03,false,false,near_mint,en,SEK,2026-07-04T13:01:34.099Z
Commons,binder,Blossoming Sands,FDN,Foundations,260,normal,common,3,100364,37676ed8-588c-4bca-8065-874b74d84807,2.78,false,false,near_mint,en,SEK,2026-07-04T14:29:24.082Z
Commons,binder,Three Tree Mascot,FDN,Foundations,682,normal,common,2,100412,40b8bf3a-1cb5-4ce2-ac25-9410f17130de,1.45,false,false,near_mint,en,SEK,2026-07-19T13:04:02.788Z
Commons,binder,Bite Down,FDN,Foundations,212,foil,common,1,101625,f8d70b3b-f6f9-4b3c-ad70-0ce369e812b5,2.91,false,false,near_mint,en,SEK,2026-07-23T19:35:13.510Z
Commons,binder,Treetop Snarespinner,FDN,Foundations,114,normal,common,1,101562,88e68fa3-159d-49a6-8ac6-afc9bd6f1718,1.55,false,false,near_mint,en,SEK,2026-07-23T19:35:13.505Z
Commons,binder,Goldvein Pick,FDN,Foundations,253,normal,common,1,101572,a241317d-2277-467e-a8f9-aa71c944e244,2.33,false,false,near_mint,en,SEK,2026-07-23T19:35:13.504Z
Commons,binder,Uncharted Voyage,FDN,Foundations,53,normal,common,1,101611,e0846820-e595-4743-8a28-29c57d728677,0.97,false,false,near_mint,en,SEK,2026-07-23T19:35:13.488Z
Commons,binder,Bake into a Pie,FDN,Foundations,169,normal,common,1,101494,2ab0e660-86a3-4b92-82fa-77dcb5db947d,2.91,false,false,near_mint,en,SEK,2026-07-23T19:35:13.486Z
Commons,binder,Goblin Boarders,FDN,Foundations,87,normal,common,1,101506,4409a063-bf2a-4a49-803e-3ce6bd474353,1.36,false,false,near_mint,en,SEK,2026-07-23T19:35:13.485Z
Commons,binder,Banishing Light,FDN,Foundations,138,normal,common,1,101613,e38dc3b3-1629-491b-8afd-0e7a9a857713,2.04,false,false,near_mint,en,SEK,2026-07-23T19:35:13.484Z
Commons,binder,Elementalist Adept,FDN,Foundations,36,normal,common,1,101605,d9768cc6-8f53-4922-ae32-376a2f32d719,1.07,false,false,near_mint,en,SEK,2026-07-23T19:35:13.474Z
Commons,binder,Hungry Ghoul,FDN,Foundations,62,normal,common,1,100701,790f9433-7565-4f7f-88e8-8af762ea0296,1.75,false,false,near_mint,en,SEK,2026-07-23T19:35:13.472Z
Commons,binder,Felidar Savior,FDN,Foundations,12,normal,common,1,97191,cd092b14-d72f-4de0-8f19-1338661b9e3b,1.84,false,false,near_mint,en,SEK,2026-07-23T19:35:13.470Z
Commons,binder,Wary Thespian,FDN,Foundations,235,normal,common,2,101574,a3d62d04-0974-4cb5-9a35-5e996c6456e2,1.16,false,false,near_mint,en,SEK,2026-07-23T19:35:13.476Z
Commons,binder,Gray Merchant of Asphodel,C14,Commander 2014,146,normal,common,1,12710,430fcd3e-a70a-4554-9c48-1a1b11d0a95c,10.18,false,false,near_mint,en,SEK,2026-07-23T19:48:08.097Z
Commons,binder,Syphon Mind,M3C,Modern Horizons 3 Commander,206,normal,common,1,95107,452d2040-49f1-4fa4-bfd2-0c4011d903ee,4.17,false,false,near_mint,en,SEK,2026-07-23T19:48:08.097Z
Commons,binder,Mortuary Mire,CLB,Commander Legends: Battle for Baldur's Gate,900,normal,common,1,69407,058f30e5-64a9-4d6b-b7a6-0fd95d460cae,3.98,false,false,near_mint,en,SEK,2026-07-23T19:48:08.097Z
Commons,binder,Altar's Reap,CMA,Commander Anthology,45,normal,common,1,5241,1db55625-25a5-46eb-9d9c-9b3ed219359f,3.88,false,false,near_mint,en,SEK,2026-07-23T19:48:08.097Z
Commons,binder,Victim of Night,DDQ,Duel Decks: Blessed vs. Cursed,67,normal,common,1,9116,c128272d-4611-477c-84b9-081bddcc7188,3.78,false,false,near_mint,en,SEK,2026-07-23T19:48:08.097Z
Commons,binder,Falkenrath Noble,DSC,Duskmourn: House of Horror Commander,140,normal,common,1,99408,f38eac93-3a0e-40e0-84f8-3670fd84ca00,3.2,false,false,near_mint,en,SEK,2026-07-23T19:48:08.097Z
Commons,binder,Swamp,DDK,Duel Decks: Sorin vs. Tibalt,80,normal,common,11,16493,183acdf0-bd08-4598-966d-426dea71583d,2.81,false,false,near_mint,en,SEK,2026-07-23T19:48:08.097Z
Commons,binder,Swamp,ONE,Phyrexia: All Will Be One,274,normal,common,13,78247,d485c620-f1fb-4715-b7c5-d2d56588308d,2.72,false,false,near_mint,en,SEK,2026-07-23T19:48:08.097Z
Commons,binder,Opal Palace,M3C,Modern Horizons 3 Commander,361,normal,common,1,94972,76219ec4-65dc-4137-9b3b-070e02524397,2.42,false,false,near_mint,en,SEK,2026-07-23T19:48:08.097Z
Commons,binder,Risky Shortcut,DFT,Aetherdrift,103,normal,common,1,103625,c80aa587-4445-43d7-abc0-654d94ff4cda,2.42,false,false,near_mint,en,SEK,2026-07-23T19:48:08.097Z
Commons,binder,Swamp,MID,Innistrad: Midnight Hunt,382,normal,common,13,63187,2f4b9030-f04a-4f42-8dd8-2eae0ce7e420,2.33,false,false,near_mint,en,SEK,2026-07-23T19:48:08.097Z
Commons,binder,Blood Pact,MID,Innistrad: Midnight Hunt,88,normal,common,1,63268,607b1066-1ca0-45e1-a55c-30aed77cc8dc,2.04,false,false,near_mint,en,SEK,2026-07-23T19:48:08.097Z
Commons,binder,Tendrils of Corruption,DDR,Duel Decks: Nissa vs. Ob Nixilis,63,normal,common,1,7800,31ab29e3-49fa-44dc-aab4-0c5e7d19bd3f,1.75,false,false,near_mint,en,SEK,2026-07-23T19:48:08.097Z
Commons,binder,Hare Apparent,FDN,Foundations,15,normal,common,4,100907,9fc6f0e9-eb5f-4bc0-b3d7-756644b66d12,22.06,false,false,near_mint,en,SEK,2026-07-04T13:01:34.098Z
Commons,binder,Fake Your Own Death,FDN,Foundations,174,normal,common,2,101539,693635a6-df50-44c5-9598-0c79b45d4df4,2.32,false,false,near_mint,en,SEK,2026-07-04T13:01:34.103Z
Commons,binder,Bite Down,FDN,Foundations,212,normal,common,3,101625,f8d70b3b-f6f9-4b3c-ad70-0ce369e812b5,2.13,false,false,near_mint,en,SEK,2026-07-04T13:01:34.104Z
Commons,binder,Fleeting Distraction,FDN,Foundations,155,normal,common,2,101587,c0b86a7b-4912-43a7-ab89-c3432385baa1,1.69,false,false,near_mint,en,SEK,2026-07-04T13:01:34.105Z
Commons,binder,Make Your Move,FDN,Foundations,143,normal,common,2,101546,7368f861-3288-4645-90a7-ca35d6da3721,1.21,false,false,near_mint,en,SEK,2026-07-04T13:01:34.106Z
Commons,binder,Swiftwater Cliffs,FDN,Foundations,268,normal,common,3,101389,fb88667d-7088-4889-960f-317486ebe856,2.91,false,false,near_mint,en,SEK,2026-07-23T14:38:36.049Z
Commons,binder,Rugged Highlands,FDN,Foundations,265,normal,common,3,101400,fd6eaf8e-8881-4d7b-bafc-75e4ca5cbef6,2.72,false,false,near_mint,en,SEK,2026-07-23T14:38:36.049Z
Commons,binder,Island,FDN,Foundations,284,normal,common,2,100789,886eae6e-ced2-4d94-96fa-9bb5385b06f4,2.72,false,false,near_mint,en,SEK,2026-07-23T14:38:36.049Z
Commons,binder,Thrill of Possibility,FDN,Foundations,210,normal,common,2,101561,882b348c-076b-41d8-b505-063480636669,2.72,false,false,near_mint,en,SEK,2026-07-23T14:38:36.049Z
Commons,binder,Crackling Cyclops,FDN,Foundations,83,normal,common,3,101541,6e5b899a-52f7-471b-ad50-4fa6566758fd,1.36,false,false,near_mint,en,SEK,2026-07-23T14:38:36.049Z
Commons,binder,Broken Wings,FDN,Foundations,214,normal,common,2,100584,61f9cbeb-cc9c-4562-be65-8a77053faefe,1.16,false,false,near_mint,en,SEK,2026-07-23T14:38:36.049Z
Commons,binder,Swamp,BFZ,Battle for Zendikar,260,normal,common,5,10081,132155ae-f7a4-4957-91cb-e51ff52716f9,2.52,false,false,near_mint,en,SEK,2026-07-23T20:51:41.886Z
Commons,binder,Swamp,BFZ,Battle for Zendikar,261,normal,common,5,10079,a8594426-c965-4187-a72d-7582f21b0ea1,2.33,false,false,near_mint,en,SEK,2026-07-23T20:51:41.885Z
Commons,binder,Swamp,CM2,Commander Anthology Volume II,295,normal,common,5,1442,8ba9664e-b482-4ea4-8a84-fef817363e0f,2.72,false,false,near_mint,en,SEK,2026-07-23T20:51:41.884Z
Commons,binder,Swamp,BFZ,Battle for Zendikar,262,normal,common,5,10077,5452c8e4-3463-4ae3-a9d1-5947bea4684e,2.81,false,false,near_mint,en,SEK,2026-07-23T20:51:41.883Z
Commons,binder,Grixis Grimblade,ARB,Alara Reborn,134,normal,common,1,23374,9dbcb812-15ad-4878-9968-cfa65a352703,1.56,false,false,near_mint,en,SEK,2026-07-28T21:40:26.996Z
Commons,binder,Leap of Flame,GPT,Guildpact,121,normal,common,1,27474,c011b432-ec39-44c8-bf2a-1c3fec32a576,1.75,false,false,near_mint,en,SEK,2026-07-28T21:40:26.998Z
Commons,binder,Zhur-Taa Swine,GK2,RNA Guild Kit,102,normal,common,1,43928,7a191269-d2e4-4810-b65f-91a1e03fbae6,3.9,false,false,near_mint,en,SEK,2026-07-28T21:40:26.999Z
Commons,binder,Hussar Patrol,DDN,Duel Decks: Speed vs. Cunning,55,normal,common,1,13475,faaf07b2-57b0-4437-a8d7-51ff8894a7db,0.58,false,false,near_mint,en,SEK,2026-07-28T21:40:27.000Z
Commons,binder,Jund Hackblade,ARB,Alara Reborn,138,normal,common,1,23370,61e3b73a-598b-4854-b811-2fd40fbce2d0,0.97,false,false,near_mint,en,SEK,2026-07-28T21:40:27.001Z
Commons,binder,Skull Rend,RTR,Return to Ravnica,195,normal,common,1,17227,1c8efb23-bac0-41d2-b4ee-27a6b1fe3134,1.46,false,false,near_mint,en,SEK,2026-07-28T21:40:27.003Z
Commons,binder,Lyev Skyknight,2X2,Double Masters 2022,246,normal,common,1,70132,2f3e1033-428a-4263-8813-fdb8bb4b6425,2.05,false,false,near_mint,en,SEK,2026-07-28T21:40:27.004Z
Commons,binder,Terminal Agony,MH2,Modern Horizons 2,215,normal,common,1,59481,314e94ad-0e12-48bb-aae1-2c842943114a,1.75,false,false,near_mint,en,SEK,2026-07-28T21:40:27.013Z
Commons,binder,Abzan Guide,KTK,Khans of Tarkir,162,normal,common,1,13236,1b7f7158-4a31-4a1c-bf3b-574c0b09276a,0.49,false,false,near_mint,en,SEK,2026-07-28T21:40:27.015Z
Commons,binder,Turn to Mist,CLU,Ravnica: Clue Edition,214,normal,common,1,91042,8be0076c-3f9c-4120-b768-4e8985ee6a7c,2.14,false,false,near_mint,en,SEK,2026-07-28T21:40:27.016Z
Commons,binder,Cunning Strike,FRF,Fate Reforged,150,normal,common,1,11976,e4991f81-3190-4d33-bf09-9d5387cbec11,1.27,false,false,near_mint,en,SEK,2026-07-28T21:40:27.023Z
Commons,binder,Grim Contest,FRF,Fate Reforged,153,normal,common,1,11973,24c44722-c65a-41ae-92a9-9c9d7d759a8e,2.14,false,false,near_mint,en,SEK,2026-07-28T21:40:27.024Z
Commons,binder,Goblin Anarchomancer,MH2,Modern Horizons 2,200,normal,common,4,59593,633a3423-501d-4b22-95a6-743233be521e,7.4,false,false,near_mint,en,SEK,2026-07-28T21:40:27.017Z
Commons,binder,Nature's Chant,MH1,Modern Horizons,210,normal,common,2,44724,9a17cbf6-3f38-4bc6-8448-881e19cffe06,2.14,false,false,near_mint,en,SEK,2026-07-28T21:40:27.021Z
Commons,binder,Rathi Trapper,TSR,Time Spiral Remastered,133,normal,common,1,57901,e30c08c7-ff2b-40cb-93d0-18e48bf0cf4d,0.88,false,false,near_mint,en,SEK,2026-07-28T21:53:18.633Z
Commons,binder,Psychotic Episode,TSR,Time Spiral Remastered,132,normal,common,1,57939,fa6d8c51-bff9-4eba-8c1b-2d45b7635c52,1.46,false,false,near_mint,en,SEK,2026-07-28T21:53:18.634Z
Commons,binder,Ridged Kusite,TSR,Time Spiral Remastered,134,normal,common,1,57784,a51ea7d3-a9d7-4b1d-bf3b-3fcfb6a49624,0.78,false,false,near_mint,en,SEK,2026-07-28T21:53:18.635Z
Commons,binder,Ninja of the New Moon,MH1,Modern Horizons,99,normal,common,1,44835,08be60eb-15ec-4112-919c-995062a9ed54,2.73,false,false,near_mint,en,SEK,2026-07-28T21:53:18.636Z
Commons,binder,Mind Rake,MH1,Modern Horizons,96,normal,common,1,44838,682ccb0a-5e73-462e-a035-87d4dac59779,2.34,false,false,near_mint,en,SEK,2026-07-28T21:53:18.637Z
Commons,binder,Pit Keeper,TSR,Time Spiral Remastered,130,normal,common,1,57678,5f731d16-d969-40a8-a002-4d40eb8f6bac,1.46,false,false,near_mint,en,SEK,2026-07-28T21:53:18.638Z
Commons,binder,Mindstab,TSR,Time Spiral Remastered,123,normal,common,1,57650,542f97fa-6295-4c87-86a8-7ff2bc8b5e81,0.78,false,false,near_mint,en,SEK,2026-07-28T21:53:18.639Z
Commons,binder,Mass of Ghouls,TSR,Time Spiral Remastered,122,normal,common,1,57862,cd816d37-7a9e-485e-9ed9-20c1c15a26dd,0.68,false,false,near_mint,en,SEK,2026-07-28T21:53:18.640Z
Commons,binder,Ichor Slick,DMR,Dominaria Remastered,90,normal,common,1,78052,9db67828-5697-45fd-87db-ff27ef9cec5a,1.56,false,false,near_mint,en,SEK,2026-07-28T21:53:18.641Z
Commons,binder,Grave Scrabbler,TSR,Time Spiral Remastered,118,normal,common,1,57885,d6c53e52-8d63-4628-bfb9-8abe4c7c7f4a,1.07,false,false,near_mint,en,SEK,2026-07-28T21:53:18.642Z
Commons,binder,Silumgar Scavenger,2XM,Double Masters,105,normal,common,1,52089,047fd05e-7545-4148-b3d7-eccf72ae43fb,0.58,false,false,near_mint,en,SEK,2026-07-28T21:53:18.643Z
Commons,binder,Deepcavern Imp,TSR,Time Spiral Remastered,110,normal,common,1,57526,13cfa5f3-495f-457b-ad44-bd2cf3414ce4,0.58,false,false,near_mint,en,SEK,2026-07-28T21:53:18.644Z
Commons,binder,Gluttonous Slug,MH1,Modern Horizons,93,normal,common,1,44841,9514ce0d-8d61-4cce-b2ad-8f417869d04e,1.07,false,false,near_mint,en,SEK,2026-07-28T21:53:18.645Z
Commons,binder,Gorgon Recluse,TSR,Time Spiral Remastered,117,normal,common,1,57803,b0bf2a33-0eb6-4898-a0fb-f5afb47ea1aa,1.36,false,false,near_mint,en,SEK,2026-07-28T21:53:18.646Z
Commons,binder,Feebleness,TSR,Time Spiral Remastered,116,normal,common,1,57561,265960a9-bea6-4111-b9a7-b6a37194b1c5,1.17,false,false,near_mint,en,SEK,2026-07-28T21:53:18.647Z
Commons,binder,Blightspeaker,TSR,Time Spiral Remastered,103,normal,common,1,57532,17ab3455-f464-41b0-ac63-d40d27abbfb1,1.07,false,false,near_mint,en,SEK,2026-07-28T21:53:18.648Z
Commons,binder,Assassinate,TSR,Time Spiral Remastered,101,normal,common,1,57798,ac0a1dc6-215f-4738-8ae4-7b6aa1c7d80b,0.49,false,false,near_mint,en,SEK,2026-07-28T21:53:18.649Z
Commons,binder,Urborg Syphon-Mage,DMR,Dominaria Remastered,106,normal,common,1,78132,cf857d76-f2ca-4323-9611-cb20b9615202,1.07,false,false,near_mint,en,SEK,2026-07-28T21:53:18.650Z
Commons,binder,Trespasser il-Vec,TSR,Time Spiral Remastered,147,normal,common,1,57564,278421ff-5324-44e5-b24f-dfbf9aa9b604,0.97,false,false,near_mint,en,SEK,2026-07-28T21:53:18.651Z
Commons,binder,Deathspore Thallid,TSR,Time Spiral Remastered,109,normal,common,1,57701,74c1b368-6fb0-4430-807e-d124f3077361,2.63,false,false,near_mint,en,SEK,2026-07-28T21:53:18.652Z
Commons,binder,Corpulent Corpse,TSR,Time Spiral Remastered,104,normal,common,1,57849,c8680e7c-f180-45b9-9af6-a8e93037b851,0.97,false,false,near_mint,en,SEK,2026-07-28T21:53:18.653Z
Commons,binder,Infernal Pet,KHM,Kaldheim,99,normal,common,1,56956,80340582-655b-4bf1-88fb-14bcbe17aa04,0.88,false,false,near_mint,en,SEK,2026-07-28T21:53:18.654Z
Commons,binder,Grim Draugr,KHM,Kaldheim,96,normal,common,1,56875,54340c59-03a9-4d9d-bd27-9aed337ce75a,1.27,false,false,near_mint,en,SEK,2026-07-28T21:53:18.655Z
Commons,binder,Feed the Serpent,KHM,Kaldheim,95,normal,common,1,56997,99a1a75b-20cf-4db9-a244-cc54411446c4,2.24,false,false,near_mint,en,SEK,2026-07-28T21:53:18.656Z
Commons,binder,Headless Specter,MH1,Modern Horizons,95,normal,common,1,44839,888b4b76-6af9-4479-8cfd-cde3b8694fe5,0.78,false,false,near_mint,en,SEK,2026-07-28T21:53:18.657Z
Commons,binder,Mob,MH1,Modern Horizons,97,normal,common,1,44837,3c216e13-3779-4734-b481-9aad7aba9925,1.36,false,false,near_mint,en,SEK,2026-07-28T21:53:18.658Z
Commons,binder,Deadly Grub,TSR,Time Spiral Remastered,108,normal,common,1,57623,44e872ae-2e41-49f5-9015-e8f9fa7da987,0.68,false,false,near_mint,en,SEK,2026-07-28T21:53:18.659Z
Commons,binder,Cutthroat il-Dal,TSR,Time Spiral Remastered,105,normal,common,1,57876,d4123bab-d61e-4d69-b9ca-1fff3a11335a,0.78,false,false,near_mint,en,SEK,2026-07-28T21:53:18.661Z
Commons,binder,Return from Extinction,MH1,Modern Horizons,104,normal,common,1,44830,c6db664e-f0c4-4e60-add7-89b9f210cbc7,2.63,false,false,near_mint,en,SEK,2026-07-28T21:53:18.662Z
Commons,binder,Duskwielder,KHM,Kaldheim,91,normal,common,1,56890,5b5490b8-5652-40f5-8678-e1263ef69b5a,1.66,false,false,near_mint,en,SEK,2026-07-28T21:53:18.663Z
Commons,binder,Wander in Death,AKH,Amonkhet,115,normal,common,1,5570,aea7ad5c-d9b9-4b12-90dd-c02399d73b26,1.95,false,false,near_mint,en,SEK,2026-07-28T21:53:18.664Z
Commons,binder,Touch of Moonglove,ORI,Magic Origins,123,normal,common,1,10819,bf659f2f-983c-4a62-a969-4176e5fbe193,0.88,false,false,near_mint,en,SEK,2026-07-28T21:53:18.665Z
Commons,binder,Infernal Scarring,M21,Core Set 2021,105,normal,common,1,50904,975e4b8e-add9-439c-9463-e2facee96c10,0.78,false,false,near_mint,en,SEK,2026-07-28T21:53:18.666Z
Commons,binder,Weigh Down,KHM,Kaldheim,118,normal,common,1,56929,6ffa795d-2211-49b0-a6df-812599758f7b,1.07,false,false,near_mint,en,SEK,2026-07-28T21:53:18.677Z
Commons,binder,Splendid Agony,AKH,Amonkhet,109,normal,common,1,5576,58d38abd-116d-4015-91e4-3fc267ad099d,1.75,false,false,near_mint,en,SEK,2026-07-28T21:53:18.679Z
Commons,binder,Doomed Dissenter,M19,Core Set 2019,93,normal,common,1,1219,a1f70ee8-7e59-43d6-a7b2-29cb5cd1d8b3,1.46,false,false,near_mint,en,SEK,2026-07-28T21:53:18.680Z
Commons,binder,Trespasser's Curse,AKH,Amonkhet,112,normal,common,1,5573,f6ef4c59-ab84-4d84-b795-015b21ae3fe0,3.7,false,false,near_mint,en,SEK,2026-07-28T21:53:18.690Z
Commons,binder,Unburden,AKH,Amonkhet,114,normal,common,1,5571,30d81da3-dc88-4cf7-ab9a-c8ade2cfa0e1,0.39,false,false,near_mint,en,SEK,2026-07-28T21:53:18.691Z
Commons,binder,Cursed Minotaur,AKH,Amonkhet,85,normal,common,1,5600,a3990d2f-39d9-49f9-936f-1d40adcf295c,1.85,false,false,near_mint,en,SEK,2026-07-28T21:53:18.696Z
Commons,binder,Final Reward,AKH,Amonkhet,92,normal,common,1,5593,8f202f6b-710f-4376-a49c-e5f135b26eaf,0.39,false,false,near_mint,en,SEK,2026-07-28T21:53:18.697Z
Commons,binder,Undead Servant,M20,Core Set 2020,118,normal,common,1,45343,bfbc0f7c-546f-4525-bb58-c99ab9b017d5,1.17,false,false,near_mint,en,SEK,2026-07-28T21:53:18.710Z
Commons,binder,Dark Dabbling,UMA,Ultimate Masters,91,normal,common,1,43411,f320791b-a64f-4249-9a78-7b28cfe58743,0.78,false,false,near_mint,en,SEK,2026-07-28T21:53:18.711Z
Commons,binder,Unholy Hunger,UMA,Ultimate Masters,120,normal,common,1,43389,c6883e3c-265e-408a-b733-35b89b66dabd,0.29,false,false,near_mint,en,SEK,2026-07-28T21:53:18.714Z
Commons,binder,Tormod's Cryptkeeper,MH2,Modern Horizons 2,239,normal,common,1,59392,05900f1d-f065-4656-a8a2-2f719d3fdea8,2.53,false,false,near_mint,en,SEK,2026-07-28T21:53:18.722Z
Commons,binder,Elf Replica,MRD,Mirrodin,167,normal,common,1,29878,b92cce55-22ee-40a7-bb94-4889093f142c,1.27,false,false,near_mint,en,SEK,2026-07-28T21:53:18.723Z
Commons,binder,Vorrac Battlehorns,MRD,Mirrodin,271,normal,common,1,29774,b1b19949-90c9-46f1-85d4-d6eda0b7977e,8.57,false,false,near_mint,en,SEK,2026-07-28T21:53:18.724Z
Commons,binder,Hematite Golem,MRD,Mirrodin,185,normal,common,1,29860,3cf8d47d-6ecb-424a-a908-a6501f308c8e,0.88,false,false,near_mint,en,SEK,2026-07-28T21:53:18.725Z
Commons,binder,Clockwork Beetle,MRD,Mirrodin,153,normal,common,1,29892,bc3c8db7-cf58-4571-b4ad-2b68d73495b2,1.07,false,false,near_mint,en,SEK,2026-07-28T21:53:18.726Z
Commons,binder,Neurok Hoversail,MRD,Mirrodin,218,normal,common,1,29827,0fa5790b-5388-4bf9-9caa-44d8cbb64708,1.27,false,false,near_mint,en,SEK,2026-07-28T21:53:18.727Z
Commons,binder,Scalding Cauldron,ELD,Throne of Eldraine,229,normal,common,1,46109,710d2782-2b23-441f-9890-6fa9c923b701,0.68,false,false,near_mint,en,SEK,2026-07-28T21:53:18.728Z
Commons,binder,Magnifying Glass,2XM,Double Masters,269,normal,common,1,52162,7a0c879b-c566-431e-a8fa-6104c39b6d7c,2.34,false,false,near_mint,en,SEK,2026-07-28T21:53:18.731Z
Commons,binder,Bottle Golems,MH2,Modern Horizons 2,222,normal,common,1,59555,513a36a1-b2e3-4779-b8a7-66f01c488bf0,2.34,false,false,near_mint,en,SEK,2026-07-28T21:53:18.732Z
Commons,binder,Razor Golem,DST,Darksteel,137,normal,common,1,29524,64a86ec3-378f-4fca-b5f7-6dc02d47f7b9,1.56,false,false,near_mint,en,SEK,2026-07-28T21:53:18.733Z
Commons,binder,Gremlin Mine,NPH,New Phyrexia,136,normal,common,1,19749,ccde7ebb-90de-4174-a1c5-75fc9384deaa,0.68,false,false,near_mint,en,SEK,2026-07-28T21:53:18.734Z
Commons,binder,Mana Cylix,CON,Conflux,138,normal,common,1,23591,68e25c75-5e20-4990-9b7e-9d04c94fee9f,0.78,false,false,near_mint,en,SEK,2026-07-28T21:53:18.735Z
Commons,binder,Foundry Inspector,CMM,Commander Masters,385,normal,common,1,84093,16debeb1-fb2b-4172-b6da-726416d4fb38,3.51,false,false,near_mint,en,SEK,2026-07-28T21:53:18.736Z
Commons,binder,Stone Golem,M20,Core Set 2020,240,normal,common,1,45220,1b4de70a-729b-4566-b6f3-c76f551405a5,0.49,false,false,near_mint,en,SEK,2026-07-28T21:53:18.737Z
Commons,binder,Ruin Processor,BFZ,Battle for Zendikar,12,normal,common,1,10339,d997088b-f8f9-4e4c-ba64-aa7f43cc7505,1.17,false,false,near_mint,en,SEK,2026-07-28T21:53:18.738Z
Commons,binder,Arcum's Astrolabe,MH1,Modern Horizons,220,normal,common,1,44714,c2462fdf-a594-47d0-8e10-b55901e350d9,2.73,false,false,near_mint,en,SEK,2026-07-28T21:53:18.739Z
Commons,binder,Chrome Steed,SOM,Scars of Mirrodin,142,normal,common,1,20890,ce881675-690f-4d4c-a951-ab8302e904ab,2.05,false,false,near_mint,en,SEK,2026-07-28T21:53:18.740Z
Commons,binder,Hexplate Golem,BBD,Battlebond,237,normal,common,1,1756,98534255-d8cd-4f42-8b90-f5672fb879a2,0.58,false,false,near_mint,en,SEK,2026-07-28T21:53:18.741Z
Commons,binder,Armored Transport,GTC,Gatecrash,226,normal,common,1,16598,f8cf8f6c-217e-4d51-aa63-859c2d38d438,0.68,false,false,near_mint,en,SEK,2026-07-28T21:53:18.742Z
Commons,binder,Traveler's Amulet,THB,Theros Beyond Death,240,normal,common,1,46822,590926db-279c-494a-b92d-680b8abf9699,0.78,false,false,near_mint,en,SEK,2026-07-28T21:53:18.743Z
Commons,binder,Jhoira's Timebug,TSR,Time Spiral Remastered,269,normal,common,1,57595,35d14746-3b57-4f8e-8155-e578cc84850d,2.63,false,false,near_mint,en,SEK,2026-07-28T21:53:18.744Z
Commons,binder,Pirate's Cutlass,FDN,Foundations,563,normal,common,1,101209,d9d20aef-d35b-4353-a241-e6cfa9730975,1.27,false,false,near_mint,en,SEK,2026-07-28T21:53:18.745Z
Commons,binder,Salvaged Manaworker,DMU,Dominaria United,237,normal,common,1,71485,5fc22ecb-5d87-464e-8c7d-5d40a52e1e4f,0.88,false,false,near_mint,en,SEK,2026-07-28T21:53:18.746Z
Commons,binder,Wizard Replica,HOP,Planechase,129,normal,common,1,22905,ed9b6a66-2ec4-44e6-b29b-f08768dca9cc,3.9,false,false,near_mint,en,SEK,2026-07-28T21:53:18.747Z
Commons,binder,Flayer Husk,2XM,Double Masters,256,normal,common,1,52101,20b394f9-644d-426e-801b-110774092018,1.66,false,false,near_mint,en,SEK,2026-07-28T21:53:18.749Z
Commons,binder,Kitesail,CN2,Conspiracy: Take the Crown,212,normal,common,1,7885,dc412232-a9ad-45ce-99a1-1f0efa1fc633,0.39,false,false,near_mint,en,SEK,2026-07-28T21:53:18.750Z
Commons,binder,Macabre Waltz,ORI,Magic Origins,107,normal,common,2,10835,b958e5da-ca77-4f22-972f-5d6e2777509a,1.07,false,false,near_mint,en,SEK,2026-07-28T21:53:18.667Z
Commons,binder,Fetid Imp,M21,Core Set 2021,98,normal,common,2,50813,56a95546-c45a-4da5-b1e8-d5658b5b7d53,0.97,false,false,near_mint,en,SEK,2026-07-28T21:53:18.669Z
Commons,binder,Deadbridge Shaman,EMA,Eternal Masters,85,normal,common,2,8590,f110fa8e-3fbf-4a81-a743-e709f58e4414,1.85,false,false,near_mint,en,SEK,2026-07-28T21:53:18.671Z
Commons,binder,Nantuko Husk,ORI,Magic Origins,109,normal,common,2,10833,3915c0be-7e9c-45bc-9c83-80beba469a81,2.05,false,false,near_mint,en,SEK,2026-07-28T21:53:18.672Z
Commons,binder,Shambling Ghoul,BBD,Battlebond,159,normal,common,2,1834,95a52cb8-e02f-477a-adb6-2bfb7836c704,0.49,false,false,near_mint,en,SEK,2026-07-28T21:53:18.675Z
Commons,binder,Rabid Bloodsucker,ORI,Magic Origins,113,normal,common,3,10829,7335da62-3b59-4c73-a19e-b1733393ed88,0.78,false,false,near_mint,en,SEK,2026-07-28T21:53:18.676Z
Commons,binder,Returned Centaur,ORI,Magic Origins,116,normal,common,3,10826,103b369c-da58-40e7-98aa-5a5471434bca,0.49,false,false,near_mint,en,SEK,2026-07-28T21:53:18.678Z
Commons,binder,Wasteland Scorpion,AKH,Amonkhet,116,normal,common,2,5569,2bab1782-498c-40fc-bf2e-5c991d0c3501,0.39,false,false,near_mint,en,SEK,2026-07-28T21:53:18.681Z
Commons,binder,Weight of the Underworld,ORI,Magic Origins,126,normal,common,2,10816,e2f31943-e26c-4bd2-bdbd-d980836f99b9,0.39,false,false,near_mint,en,SEK,2026-07-28T21:53:18.682Z
Commons,binder,Catacomb Slug,ORI,Magic Origins,86,normal,common,3,10856,d30d6df7-6199-4b06-9d45-785ee1e2ed3b,0.39,false,false,near_mint,en,SEK,2026-07-28T21:53:18.683Z
Commons,binder,Reave Soul,IMA,Iconic Masters,104,normal,common,2,3521,1018ae45-64b8-4e65-8949-586d62b97132,1.17,false,false,near_mint,en,SEK,2026-07-28T21:53:18.684Z
Commons,binder,Nightsnare,ORI,Magic Origins,111,normal,common,2,10831,391a1023-69e7-425c-ac54-987ba366f8f4,0.68,false,false,near_mint,en,SEK,2026-07-28T21:53:18.686Z
Commons,binder,Supernatural Stamina,CMM,Commander Masters,188,normal,common,2,84181,2b349b4b-f08d-45e8-81f6-3467a02e6d23,2.14,false,false,near_mint,en,SEK,2026-07-28T21:53:18.689Z
Commons,binder,Echo Circlet,SOM,Scars of Mirrodin,153,normal,common,2,20879,49e661c6-bc3e-45b4-ae1c-5002e381faf3,1.17,false,false,near_mint,en,SEK,2026-07-28T21:53:18.729Z
Commons,binder,Pilgrim's Eye,CMM,Commander Masters,402,normal,common,2,84319,48bfc25b-f73c-431c-b173-adcd65c5d491,1.17,false,false,near_mint,en,SEK,2026-07-28T21:53:18.748Z
Commons,binder,Read the Bones,DSC,Duskmourn: House of Horror Commander,154,normal,common,3,99301,b3198f96-f9d8-494f-a556-24ce3ad3895d,2.95,false,false,near_mint,en,SEK,2026-07-23T19:48:08.097Z
Commons,binder,Dwynen's Elite,FDN,Foundations,218,normal,common,2,100800,89d94c28-ea2e-4a3d-935f-6b2d9f2efc7a,2.33,false,false,near_mint,en,SEK,2026-07-30T11:06:34.538Z
Commons,binder,Eyeblight Assassin,CMR,Commander Legends,123,normal,common,1,56128,8a480da7-1b5d-41a5-b603-e63af100724a,1.36,false,false,near_mint,en,SEK,2026-07-30T11:06:44.171Z
Commons,binder,Reave Soul,IMA,Iconic Masters,104,normal,common,1,3521,1018ae45-64b8-4e65-8949-586d62b97132,1.17,false,false,near_mint,en,SEK,2026-07-30T11:06:55.922Z
Commons,binder,Marauding Blight-Priest,FDN,Foundations,178,normal,common,2,101528,5f70dafc-c638-4ec0-ab5b-62998f752720,3.1,false,false,near_mint,en,SEK,2026-07-30T11:07:48.960Z
Commons,binder,Thornbow Archer,ORI,Magic Origins,121,normal,common,1,10821,3290c60a-f9a0-464d-a15e-8473a6d50d96,0.78,false,false,near_mint,en,SEK,2026-07-30T11:08:29.793Z
Mythics,binder,Indomitable Creativity,OTP,Breaking News,25,normal,mythic,1,93069,18cb625b-a41f-4f3b-8f56-257a3795aa8f,3.77,false,false,near_mint,en,SEK,2026-07-04T13:15:53.970Z
Mythics,binder,Sword of Wealth and Power,BIG,The Big Score,26,normal,mythic,1,91818,ed9e5041-3c05-4a8a-9f00-081b01685d0c,192.1,false,false,near_mint,en,SEK,2026-07-04T14:23:25.561Z
Mythics,binder,"Zimone, Paradox Sculptor",FDN,Foundations,126,normal,mythic,1,100241,20ccbfdd-ddae-440c-9bc0-38b15a56fdd1,37.86,false,false,near_mint,en,SEK,2026-07-04T14:29:24.080Z
Mythics,binder,"Hugs, Grisly Guardian",BLB,Bloomburrow,218,normal,mythic,1,95716,f09d7f4a-c947-4389-befa-1d547d0d1237,9.07,false,false,near_mint,en,SEK,2026-07-19T13:04:02.811Z
Mythics,binder,"Chimil, the Inner Sun",ECC,Lorwyn Eclipsed Commander,137,normal,mythic,1,110542,7b696878-bf6c-4323-baa5-93c44dde075e,106.96,false,false,near_mint,en,SEK,2026-07-23T10:03:28.241Z
Mythics,binder,Tree of Perdition,ECC,Lorwyn Eclipsed Commander,49,normal,mythic,1,110532,750b4c88-26c7-43ec-b6b9-ece3263dfd59,25.11,false,false,near_mint,en,SEK,2026-07-23T10:03:28.241Z
Mythics,binder,"Vraska, Betrayal's Sting",ECC,Lorwyn Eclipsed Commander,88,normal,mythic,1,110577,9f1fa1c5-ff87-4bbc-89aa-dbebc91eada0,7.56,false,false,near_mint,en,SEK,2026-07-23T10:03:28.241Z
Mythics,binder,"Massacre Girl, Known Killer",ECC,Lorwyn Eclipsed Commander,79,normal,mythic,1,110561,8ef53e5e-709c-4613-a5ab-6bf12961b2e1,7.27,false,false,near_mint,en,SEK,2026-07-23T10:03:28.241Z
Mythics,binder,"The Reaper, King No More",ECC,Lorwyn Eclipsed Commander,4,foil,mythic,1,110412,d2119f3f-27d2-4d43-a5ef-35c1b73d182a,4.17,false,false,near_mint,en,SEK,2026-07-23T10:03:28.241Z
Mythics,binder,"Liliana, Death Wielder",ECC,Lorwyn Eclipsed Commander,78,normal,mythic,1,110526,6f874b0e-32e3-421f-8109-522638b3f38d,3.59,false,false,near_mint,en,SEK,2026-07-23T10:03:28.241Z
Mythics,binder,"Auntie Ool, Cursewretch",ECC,Lorwyn Eclipsed Commander,2,foil,mythic,1,110379,9a2e4252-9fbc-4d43-8935-db2cafaa7b5f,3.3,false,false,near_mint,en,SEK,2026-07-23T10:03:28.241Z
Mythics,binder,The Scorpion God,ECC,Lorwyn Eclipsed Commander,133,normal,mythic,1,110538,792eabed-6c49-41f0-a9ce-0184e5c577e9,2.81,false,false,near_mint,en,SEK,2026-07-23T10:03:28.241Z
Mythics,binder,"Aurelia, the Warleader",FDN,Foundations,651,normal,mythic,1,101070,bc6ffc1c-575b-4116-83c9-d13b29886c35,43.35,false,false,near_mint,en,SEK,2026-07-23T14:38:36.049Z
Mythics,binder,Massacre Wurm,FDN,Foundations,714,foil,mythic,1,100372,39be2675-986c-4812-9448-99737e797671,20.95,false,false,near_mint,en,SEK,2026-07-23T14:38:36.049Z
Mythics,binder,Darksteel Colossus,FDN,Foundations,671,normal,mythic,1,100660,70197723-c61b-4600-b61d-41380c8f3067,9.7,false,false,near_mint,en,SEK,2026-07-23T14:38:36.049Z
Mythics,binder,Lyra Dawnbringer,FDN,Foundations,707,foil,mythic,1,101009,b2abce4d-ef21-4028-8a86-b7d1387bc937,5.53,false,false,near_mint,en,SEK,2026-07-23T14:38:36.049Z
Mythics,binder,"Ramos, Dragon Engine",FDN,Foundations,678,normal,mythic,1,100817,8f95f753-bbaa-4282-9cd9-f1737136fc9e,3.78,false,false,near_mint,en,SEK,2026-07-23T14:38:36.049Z
Mythics,binder,Pyromancer's Goggles,FDN,Foundations,677,normal,mythic,1,101346,f340d8a4-196a-4433-807c-b7124e96e44f,3.59,false,false,near_mint,en,SEK,2026-07-23T14:38:36.049Z
Mythics,binder,Angelic Destiny,FDN,Foundations,565,normal,mythic,1,100119,066d73fa-369b-44a3-b1a9-d22176ac3566,3.49,false,false,near_mint,en,SEK,2026-07-23T14:38:36.049Z
Mythics,binder,Maze's End,FDN,Foundations,727,foil,mythic,1,101299,ea9a4d1a-79dd-4b15-8e3b-f111f16d6bfc,3.39,false,false,near_mint,en,SEK,2026-07-23T14:38:36.049Z
Mythics,binder,Dragonmaster Outcast,FDN,Foundations,622,normal,mythic,1,101039,b720f3a8-f38f-4460-86a3-dad541e7add7,3.01,false,false,near_mint,en,SEK,2026-07-23T14:38:36.049Z
Mythics,binder,Finale of Revelation,FDN,Foundations,589,normal,mythic,1,100135,0a77e063-e8f6-4cb2-954e-74cf41ce73da,3.01,false,false,near_mint,en,SEK,2026-07-23T14:38:36.049Z
Mythics,binder,Vizier of the Menagerie,FDN,Foundations,649,normal,mythic,1,100318,3010ec33-c3f6-42ce-ad5a-e149e5c9a805,3.01,false,false,near_mint,en,SEK,2026-07-23T14:38:36.049Z
Mythics,binder,Demonic Pact,FDN,Foundations,602,normal,mythic,1,100549,5b0b7242-df91-48cf-bf4e-b68306c9965f,2.81,false,false,near_mint,en,SEK,2026-07-23T14:38:36.049Z
Mythics,binder,Primeval Bounty,FDN,Foundations,644,normal,mythic,1,100337,332c9742-dc3b-48e5-8736-7724fae1b4c4,2.81,false,false,near_mint,en,SEK,2026-07-23T14:38:36.049Z
Mythics,binder,Sphinx of the Final Word,FDN,Foundations,597,normal,mythic,1,100923,a2cf2366-40d0-4f94-84a5-8aa42308e223,2.13,false,false,near_mint,en,SEK,2026-07-23T14:38:36.049Z
Mythics,binder,"Junji, the Midnight Sky",TDC,Tarkir: Dragonstorm Commander,183,normal,mythic,1,105027,e9ff50c0-915e-4055-a595-3df6be8f1e1b,5.43,false,false,near_mint,en,SEK,2026-07-23T19:48:08.097Z
Mythics,binder,"Gix, Yawgmoth Praetor",TDC,Tarkir: Dragonstorm Commander,181,normal,mythic,1,104459,135c5948-4c95-4f24-b648-eda55ab637c8,5.14,false,false,near_mint,en,SEK,2026-07-23T19:48:08.097Z
Mythics,binder,Noxious Gearhulk,TDC,Tarkir: Dragonstorm Commander,191,normal,mythic,1,104511,289c11b7-a460-4a2f-b11a-e1ba54bd1f34,3.78,false,false,near_mint,en,SEK,2026-07-23T19:48:08.097Z
Mythics,binder,"Liliana, Death's Majesty",DRC,Aetherdrift Commander,94,normal,mythic,1,103223,ae653ad0-c796-49d4-b893-25d627f1ff79,3.39,false,false,near_mint,en,SEK,2026-07-23T19:48:08.097Z
Mythics,binder,Ob Nixilis Reignited,DSC,Duskmourn: House of Horror Commander,152,normal,mythic,1,99166,5af237ad-9294-47f5-a338-f9ca4fce3e70,3.3,false,false,near_mint,en,SEK,2026-07-23T19:48:08.097Z
Mythics,binder,Grave Titan,ECC,Lorwyn Eclipsed Commander,74,normal,mythic,2,110481,3b4faa6e-5013-4c59-80f5-662a386672eb,3.88,false,false,near_mint,en,SEK,2026-07-23T10:03:28.241Z